file_name,labels
a01/a01-102u/a01-102u-01-05.png,considered
f02/f02-036/f02-036-07-02.png,Conference
g02/g02-062/g02-062-01-05.png,thickening
g01/g01-031/g01-031-08-03.png,advantages
c02/c02-030/c02-030-07-03.png,apocalypse
j04/j04-035/j04-035-04-03.png,calibrated
b05/b05-045/b05-045-09-08.png,Dictionary
n06/n06-182/n06-182-04-06.png,owlhooters
a01/a01-030u/a01-030u-06-05.png,Government
e07/e07-086/e07-086-01-00.png,comparison
f07/f07-019b/f07-019b-07-02.png,understand
a01/a01-014/a01-014-07-07.png,telephoned
h04/h04-061/h04-061-00-02.png,Regression
f07/f07-019b/f07-019b-10-00.png,simplified
g06/g06-031l/g06-031l-01-02.png,Personally
l03/l03-004/l03-004-01-05.png,landmarked
p02/p02-076/p02-076-07-02.png,animatedly
g06/g06-026d/g06-026d-04-06.png,assumption
h01/h01-030/h01-030-02-03.png,population
m03/m03-013/m03-013-02-02.png,earthbound
g07/g07-007b/g07-007b-04-03.png,everything
h04/h04-035/h04-035-06-02.png,introduced
k03/k03-144/k03-144-01-04.png,singularly
a05/a05-048/a05-048-07-05.png,considered
a01/a01-000u/a01-000u-06-04.png,Manchester
r06/r06-111/r06-111-04-05.png,altogether
a01/a01-113u/a01-113u-00-05.png,conception
g06/g06-026j/g06-026j-06-01.png,government
e04/e04-083/e04-083-01-00.png,correspond
l04/l04-159/l04-159-05-01.png,particular
g06/g06-042i/g06-042i-01-10.png,douloureux
c03/c03-087f/c03-087f-01-01.png,treatments
h07/h07-030a/h07-030a-04-00.png,undertaken
n01/n01-020/n01-020-03-00.png,gradations
h04/h04-025/h04-025-01-03.png,households
g06/g06-037g/g06-037g-07-07.png,themselves
a01/a01-043x/a01-043x-07-01.png,Government
h04/h04-049/h04-049-01-00.png,households
h07/h07-033/h07-033-05-04.png,shopkeeper
c03/c03-021e/c03-021e-08-00.png,panionship
f07/f07-028a/f07-028a-07-04.png,stimulants
p03/p03-185/p03-185-05-05.png,elasticity
e04/e04-038/e04-038-06-02.png,worthwhile
m02/m02-072/m02-072-00-07.png,formidable
g06/g06-026f/g06-026f-03-11.png,assumption
c02/c02-012/c02-012-01-03.png,eliminated
a01/a01-020/a01-020-00-06.png,conference
h05/h05-012/h05-012-00-11.png,Commission
g01/g01-012/g01-012-04-04.png,expressing
e07/e07-072/e07-072-08-02.png,substitute
g07/g07-028b/g07-028b-03-01.png,headstrong
c03/c03-094d/c03-094d-08-04.png,efficiency
c03/c03-007f/c03-007f-06-03.png,churchyard
n04/n04-213/n04-213-00-05.png,breakfasts
g07/g07-071a/g07-071a-01-04.png,calamities
c03/c03-094f/c03-094f-08-00.png,efficiency
f07/f07-076a/f07-076a-01-04.png,passionate
b04/b04-175/b04-175-08-00.png,understand
g04/g04-003/g04-003-04-05.png,Archbishop
d06/d06-082/d06-082-03-02.png,pernickety
a04/a04-015/a04-015-02-00.png,Washington
h07/h07-069a/h07-069a-02-11.png,percentage
f02/f02-017/f02-017-06-07.png,adjustment
m02/m02-083/m02-083-04-03.png,unpleasant
r06/r06-115/r06-115-09-07.png,determined
c03/c03-016d/c03-016d-03-01.png,slatternly
k04/k04-010/k04-010-04-04.png,sightseers
g01/g01-031/g01-031-09-05.png,grudgingly
g06/g06-047r/g06-047r-04-00.png,unorthodox
c03/c03-003b/c03-003b-07-03.png,atmosphere
d04/d04-047/d04-047-00-02.png,conditions
a01/a01-082u/a01-082u-03-03.png,Eisenhower
f02/f02-003/f02-003-04-07.png,approached
a03/a03-063/a03-063-02-07.png,Government
k04/k04-033/k04-033-04-03.png,tapestries
g06/g06-031k/g06-031k-07-02.png,Radicalism
h07/h07-025/h07-025-02-03.png,employment
m02/m02-059/m02-059-01-09.png,inevitable
g06/g06-031i/g06-031i-01-02.png,Personally
a01/a01-128/a01-128-04-04.png,Government
g06/g06-026j/g06-026j-06-06.png,Wellington
e04/e04-034/e04-034-01-05.png,thoroughly
b06/b06-079/b06-079-00-02.png,impossible
b01/b01-004/b01-004-05-07.png,Archbishop
b04/b04-026/b04-026-01-10.png,proclaimed
a01/a01-058x/a01-058x-03-04.png,Washington
b06/b06-008/b06-008-05-04.png,rearmament
n04/n04-009/n04-009-03-07.png,Honourable
e04/e04-038/e04-038-06-00.png,satisfying
c04/c04-170/c04-170-02-04.png,criticisms
c03/c03-084f/c03-084f-05-01.png,television
g07/g07-000b/g07-000b-02-00.png,throughout
a01/a01-063x/a01-063x-05-00.png,Washington
f01/f01-058/f01-058-08-04.png,dictionary
g04/g04-017/g04-017-02-13.png,succession
c04/c04-139/c04-139-05-10.png,Federation
f01/f01-135/f01-135-02-03.png,constantly
g06/g06-031d/g06-031d-06-08.png,Radicalism
g06/g06-047d/g06-047d-05-02.png,Neapolitan
a04/a04-015/a04-015-00-02.png,communique
f01/f01-070/f01-070-00-06.png,reasonably
j01/j01-049/j01-049-01-05.png,fabricated
h07/h07-063b/h07-063b-02-07.png,Government
g06/g06-047l/g06-047l-00-01.png,remarkable
a02/a02-027/a02-027-02-05.png,discontent
b05/b05-074/b05-074-01-02.png,iniquitous
a02/a02-120/a02-120-10-01.png,Parliament
g06/g06-047n/g06-047n-07-00.png,Neapolitan
g06/g06-031e/g06-031e-01-02.png,Personally
h04/h04-061/h04-061-03-03.png,consisting
a05/a05-099/a05-099-06-03.png,production
g06/g06-026g/g06-026g-04-08.png,Wellington
c03/c03-007c/c03-007c-06-00.png,churchyard
j07/j07-012/j07-012-08-02.png,separation
g06/g06-037p/g06-037p-08-00.png,themselves
a02/a02-027/a02-027-04-02.png,introduced
r06/r06-007/r06-007-05-12.png,commanding
b03/b03-098/b03-098-08-02.png,advantages
g03/g03-032/g03-032-05-01.png,appearance
a01/a01-030/a01-030-07-05.png,conference
m06/m06-106/m06-106-04-09.png,associated
c03/c03-094e/c03-094e-08-00.png,efficiency
h07/h07-040/h07-040-00-06.png,encouraged
h02/h02-037/h02-037-05-04.png,particular
g06/g06-026l/g06-026l-04-08.png,government
b06/b06-075/b06-075-10-06.png,Government
h04/h04-061/h04-061-08-04.png,households
j06/j06-022/j06-022-04-03.png,Calanoides
f04/f04-061/f04-061-02-01.png,atmosphere
m02/m02-069/m02-069-02-00.png,especially
a01/a01-043/a01-043-08-03.png,Government
b04/b04-020/b04-020-02-03.png,housewives
n02/n02-109/n02-109-02-00.png,flamingoes
a06/a06-064/a06-064-02-01.png,apparently
c03/c03-000f/c03-000f-07-01.png,conception
e07/e07-012/e07-012-11-00.png,northwards
f02/f02-038/f02-038-00-04.png,atmosphere
p01/p01-147/p01-147-03-05.png,implements
l04/l04-071/l04-071-02-08.png,completely
a01/a01-000u/a01-000u-01-00.png,nominating
a01/a01-014u/a01-014u-06-03.png,telephoned
g06/g06-031h/g06-031h-07-01.png,Radicalism
a01/a01-091u/a01-091u-09-01.png,supporters
g06/g06-026i/g06-026i-04-07.png,assumption
p06/p06-248/p06-248-01-01.png,crucifying
m04/m04-081/m04-081-04-03.png,particular
h07/h07-007/h07-007-05-06.png,Inevitably
c03/c03-096d/c03-096d-01-00.png,explicably
e06/e06-037/e06-037-09-08.png,discussion
c04/c04-056/c04-056-04-08.png,tremendous
g07/g07-038/g07-038-03-00.png,constantly
k04/k04-054/k04-054-04-03.png,thoughtful
g07/g07-010b/g07-010b-05-04.png,importance
k04/k04-068/k04-068-00-04.png,amiability
k03/k03-152/k03-152-03-02.png,Opposition
b04/b04-034/b04-034-00-01.png,Government
n06/n06-163/n06-163-03-07.png,introduced
f07/f07-032a/f07-032a-05-06.png,importance
d04/d04-111/d04-111-02-06.png,represents
g06/g06-031b/g06-031b-01-03.png,Personally
h07/h07-063a/h07-063a-08-02.png,Industrial
j01/j01-070/j01-070-04-02.png,completely
m02/m02-059/m02-059-05-07.png,equivalent
c06/c06-138/c06-138-04-00.png,floundered
g06/g06-026h/g06-026h-04-07.png,assumption
f07/f07-046b/f07-046b-05-00.png,Celestials
p02/p02-008/p02-008-02-01.png,excitement
c03/c03-087d/c03-087d-09-01.png,characters
c03/c03-081a/c03-081a-09-03.png,restrained
a03/a03-050/a03-050-07-01.png,techniques
n04/n04-218/n04-218-03-04.png,appearance
a01/a01-049/a01-049-02-05.png,Washington
l04/l04-159/l04-159-00-04.png,reasonably
l01/l01-007/l01-007-02-08.png,remembered
f02/f02-044/f02-044-09-04.png,organisers
j04/j04-024/j04-024-06-05.png,incomplete
a03/a03-014/a03-014-00-05.png,Government
m02/m02-095/m02-095-07-01.png,counteract
h06/h06-003/h06-003-03-00.png,notifiable
b04/b04-066/b04-066-01-01.png,approaches
h07/h07-066b/h07-066b-05-06.png,percentage
b04/b04-034/b04-034-02-09.png,themselves
h07/h07-040b/h07-040b-05-04.png,industrial
a01/a01-014/a01-014-00-06.png,boycotting
d06/d06-091/d06-091-03-03.png,curriculum
a02/a02-037/a02-037-00-05.png,conference
a03/a03-023/a03-023-07-01.png,Government
c03/c03-000e/c03-000e-05-05.png,advantages
c03/c03-087a/c03-087a-04-06.png,desolation
k03/k03-164/k03-164-05-01.png,moderation
c03/c03-021c/c03-021c-00-06.png,befriended
b02/b02-102/b02-102-06-06.png,Chancellor
g06/g06-047m/g06-047m-04-00.png,increasing
g06/g06-101/g06-101-00-07.png,faithfully
a05/a05-099/a05-099-07-07.png,Inspection
e06/e06-021/e06-021-07-00.png,accidental
a04/a04-099/a04-099-09-03.png,obligation
c03/c03-007a/c03-007a-05-06.png,churchyard
g06/g06-026a/g06-026a-05-04.png,government
c03/c03-081b/c03-081b-02-05.png,altogether
e07/e07-101/e07-101-02-00.png,completely
g03/g03-004/g03-004-00-01.png,eventually
f07/f07-039b/f07-039b-02-02.png,preventing
a01/a01-043u/a01-043u-08-01.png,Government
h07/h07-013/h07-013-06-04.png,industries
g07/g07-026a/g07-026a-04-00.png,implacable
n06/n06-175/n06-175-07-05.png,everything
g06/g06-047e/g06-047e-02-10.png,increasing
g07/g07-065/g07-065-07-05.png,injunction
n02/n02-104/n02-104-05-03.png,absolutely
g06/g06-037b/g06-037b-02-07.png,understand
b05/b05-032/b05-032-02-03.png,Afterwards
g06/g06-089/g06-089-08-00.png,Government
n02/n02-146/n02-146-01-15.png,everything
h07/h07-060a/h07-060a-03-03.png,particular
a03/a03-063/a03-063-10-05.png,scientific
c03/c03-000d/c03-000d-07-02.png,everywhere
d01/d01-016/d01-016-01-04.png,reasonably
g06/g06-037r/g06-037r-02-00.png,understand
a01/a01-072x/a01-072x-04-02.png,Government
h07/h07-071a/h07-071a-02-00.png,relatively
c03/c03-000d/c03-000d-05-07.png,advantages
l04/l04-163/l04-163-02-01.png,absolutely
b03/b03-104/b03-104-08-04.png,centigrade
c03/c03-003c/c03-003c-04-00.png,characters
e06/e06-026/e06-026-03-04.png,westerlies
b03/b03-098/b03-098-06-00.png,centigrade
a01/a01-038x/a01-038x-08-05.png,Government
a04/a04-099/a04-099-05-01.png,membership
h07/h07-033/h07-033-04-00.png,reasonable
h02/h02-008/h02-008-03-00.png,Department
e07/e07-086/e07-086-05-03.png,containers
n04/n04-052/n04-052-03-03.png,cordiality
a01/a01-014x/a01-014x-07-05.png,Greenfield
a05/a05-017/a05-017-09-00.png,engagement
g01/g01-083/g01-083-02-07.png,Parliament
g05/g05-094/g05-094-09-03.png,bewildered
g01/g01-043/g01-043-07-03.png,authorized
h06/h06-000/h06-000-06-05.png,occurrence
j06/j06-030/j06-030-07-00.png,occurrence
m04/m04-145/m04-145-06-10.png,Broughtons
m03/m03-033/m03-033-01-06.png,unbalanced
g06/g06-037l/g06-037l-08-01.png,themselves
f07/f07-046a/f07-046a-02-00.png,definitely
h07/h07-033a/h07-033a-04-02.png,shopkeeper
a01/a01-049/a01-049-01-06.png,television
j04/j04-103/j04-103-02-00.png,convenient
c01/c01-066/c01-066-01-05.png,outmatched
b03/b03-087/b03-087-04-01.png,Government
h02/h02-037/h02-037-06-02.png,prescribed
k02/k02-076/k02-076-08-00.png,irritation
c03/c03-081c/c03-081c-08-04.png,restrained
h07/h07-078/h07-078-07-00.png,especially
e06/e06-053/e06-053-03-04.png,presumably
a05/a05-080/a05-080-06-04.png,thoroughly
f04/f04-043/f04-043-03-04.png,obligingly
g06/g06-045b/g06-045b-04-02.png,cultivated
l07/l07-111/l07-111-04-03.png,punctually
g01/g01-070/g01-070-00-04.png,widespread
a05/a05-080/a05-080-07-01.png,atmosphere
g04/g04-092/g04-092-09-02.png,afterwards
r02/r02-013/r02-013-09-05.png,employment
b06/b06-015/b06-015-06-02.png,agreements
p02/p02-144/p02-144-08-06.png,heartbreak
g06/g06-031c/g06-031c-01-03.png,Personally
g06/g06-026c/g06-026c-05-06.png,Wellington
h07/h07-030/h07-030-05-03.png,undertaken
a01/a01-030u/a01-030u-10-04.png,conference
j04/j04-115/j04-115-06-05.png,analytical
j06/j06-022/j06-022-08-01.png,predaceous
f07/f07-101a/f07-101a-01-01.png,MENTIONING
c04/c04-160/c04-160-06-06.png,complained
h01/h01-024/h01-024-03-00.png,employment
h07/h07-007/h07-007-04-07.png,industries
a01/a01-132/a01-132-03-01.png,Government
c06/c06-083/c06-083-07-03.png,nauseating
n04/n04-044/n04-044-05-03.png,equivalent
a01/a01-043/a01-043-04-01.png,opposition
c02/c02-012/c02-012-02-06.png,photograph
j04/j04-015/j04-015-04-06.png,impurities
a01/a01-043u/a01-043u-04-00.png,opposition
f07/f07-076a/f07-076a-04-04.png,antithesis
g06/g06-047c/g06-047c-03-07.png,increasing
e06/e06-046/e06-046-02-12.png,vibrations
b04/b04-140/b04-140-07-01.png,themselves
d06/d06-003/d06-003-02-04.png,groundless
a05/a05-089/a05-089-02-01.png,strictures
m04/m04-007/m04-007-08-04.png,Provisions
a01/a01-091u/a01-091u-03-02.png,Government
a01/a01-053u/a01-053u-08-05.png,nomination
a01/a01-003/a01-003-02-04.png,resolution
b06/b06-042/b06-042-09-03.png,Conference
a04/a04-010/a04-010-05-06.png,Washington
d06/d06-091/d06-091-05-03.png,beforehand
r06/r06-022/r06-022-02-01.png,turtledove
a04/a04-047/a04-047-00-00.png,Addressing
j06/j06-051/j06-051-08-00.png,migrations
e07/e07-108/e07-108-01-00.png,despatched
j04/j04-035/j04-035-05-05.png,Laboratory
j04/j04-094/j04-094-05-01.png,separation
b04/b04-140/b04-140-04-02.png,Throughout
c03/c03-007c/c03-007c-00-06.png,Richardson
g06/g06-045k/g06-045k-03-02.png,cultivated
a01/a01-087/a01-087-00-03.png,passionate
f04/f04-093/f04-093-01-05.png,photograph
d06/d06-011/d06-011-00-01.png,situations
c04/c04-061/c04-061-04-02.png,accidental
h07/h07-080/h07-080-05-00.png,industrial
a02/a02-120/a02-120-00-04.png,Government
n02/n02-054/n02-054-07-05.png,standstill
a02/a02-124/a02-124-01-05.png,constables
a01/a01-113/a01-113-00-05.png,conception
b06/b06-082/b06-082-05-06.png,collective
g06/g06-037k/g06-037k-02-00.png,understand
n04/n04-031/n04-031-03-00.png,Alverstoke
m04/m04-093/m04-093-00-04.png,Advertiser
n03/n03-106/n03-106-04-00.png,everything
g06/g06-026p/g06-026p-05-05.png,Wellington
a05/a05-053/a05-053-02-06.png,mobilising
a03/a03-073/a03-073-04-03.png,sufficient
k02/k02-023/k02-023-04-07.png,accustomed
l04/l04-062/l04-062-04-04.png,comparison
c03/c03-087c/c03-087c-00-09.png,treatments
g06/g06-042n/g06-042n-02-04.png,douloureux
g04/g04-039/g04-039-02-06.png,eventually
d07/d07-096/d07-096-06-00.png,expression
m04/m04-152/m04-152-06-07.png,Broughtons
r02/r02-081/r02-081-06-03.png,conscience
a01/a01-091/a01-091-03-04.png,Government
h01/h01-018/h01-018-02-01.png,occupation
n03/n03-064/n03-064-03-00.png,triangular
g01/g01-070/g01-070-05-02.png,Parliament
a01/a01-030u/a01-030u-04-05.png,obligation
n04/n04-044/n04-044-02-04.png,generation
f02/f02-038/f02-038-00-02.png,attendance
n02/n02-146/n02-146-06-00.png,incredibly
c03/c03-084f/c03-084f-00-03.png,production
b06/b06-100/b06-100-09-02.png,experience
b04/b04-140/b04-140-05-02.png,supporters
h07/h07-030a/h07-030a-06-04.png,themselves
f02/f02-000/f02-000-00-05.png,consisting
g06/g06-047p/g06-047p-04-09.png,Neapolitan
j06/j06-018/j06-018-09-05.png,widespread
h04/h04-057/h04-057-03-03.png,containing
g01/g01-083/g01-083-04-06.png,assessment
p02/p02-081/p02-081-00-02.png,irresolute
d04/d04-089/d04-089-02-03.png,incapacity
m02/m02-055/m02-055-10-00.png,Hostettler
d06/d06-072/d06-072-01-06.png,associates
a06/a06-039/a06-039-04-04.png,commanding
h02/h02-040/h02-040-05-03.png,profession
c03/c03-087f/c03-087f-01-06.png,attempting
g06/g06-037e/g06-037e-01-12.png,understand
a04/a04-066/a04-066-04-04.png,unilateral
c04/c04-044/c04-044-08-05.png,appearance
l04/l04-062/l04-062-05-05.png,dispatched
a01/a01-030/a01-030-04-00.png,Government
c03/c03-087c/c03-087c-04-01.png,desolation
c03/c03-007a/c03-007a-00-06.png,Richardson
h04/h04-074/h04-074-01-03.png,households
f07/f07-046a/f07-046a-05-05.png,Celestials
j06/j06-008/j06-008-01-04.png,considered
d06/d06-037/d06-037-07-00.png,conditions
m04/m04-152/m04-152-03-05.png,Broughtons
a01/a01-038/a01-038-03-03.png,Government
n01/n01-004/n01-004-04-07.png,appreciate
h07/h07-007/h07-007-06-06.png,industries
b06/b06-049/b06-049-07-02.png,difference
m03/m03-114/m03-114-07-03.png,approached
a04/a04-085/a04-085-01-00.png,membership
g04/g04-007/g04-007-00-06.png,especially
c03/c03-087a/c03-087a-01-00.png,treatments
g06/g06-047f/g06-047f-02-08.png,increasing
f07/f07-076a/f07-076a-02-01.png,comparable
r06/r06-022/r06-022-02-05.png,Turtledove
c03/c03-094b/c03-094b-07-02.png,efficiency
a02/a02-106/a02-106-03-02.png,conference
a01/a01-063u/a01-063u-04-07.png,Washington
m01/m01-049/m01-049-01-04.png,livingroom
b01/b01-062/b01-062-04-01.png,statements
c03/c03-003f/c03-003f-04-04.png,background
a01/a01-000x/a01-000x-05-02.png,Manchester
g04/g04-077/g04-077-05-02.png,Limpsfield
d06/d06-063/d06-063-01-05.png,boundaries
e04/e04-034/e04-034-04-00.png,woodfiller
g06/g06-047e/g06-047e-00-01.png,remarkable
g06/g06-045a/g06-045a-03-04.png,cultivated
g06/g06-105/g06-105-04-02.png,expedition
d05/d05-030/d05-030-03-01.png,Calvinists
r06/r06-115/r06-115-07-00.png,newspapers
g06/g06-026b/g06-026b-08-03.png,Wellington
g04/g04-101/g04-101-03-07.png,successful
a01/a01-087u/a01-087u-00-03.png,passionate
a05/a05-094/a05-094-02-07.png,Schooldays
a04/a04-092/a04-092-07-06.png,profoundly
g06/g06-037o/g06-037o-02-07.png,understand
b06/b06-042/b06-042-01-05.png,friendship
l01/l01-199/l01-199-02-06.png,suffocated
m02/m02-087/m02-087-01-10.png,adolescent
b05/b05-098/b05-098-07-00.png,upbringing
g01/g01-039/g01-039-03-05.png,stabilized
a01/a01-038/a01-038-07-02.png,Greenfield
j07/j07-000/j07-000-03-04.png,exchangers
l04/l04-087/l04-087-04-06.png,Everything
p06/p06-242/p06-242-05-00.png,everything
f07/f07-028b/f07-028b-04-04.png,remarkable
a06/a06-075/a06-075-01-01.png,Government
k04/k04-064/k04-064-05-02.png,initiative
g01/g01-070/g01-070-09-01.png,hostelries
a02/a02-032/a02-032-06-03.png,ruthlessly
f07/f07-042b/f07-042b-07-04.png,resistance
m04/m04-180/m04-180-06-05.png,commanding
b02/b02-045/b02-045-04-02.png,Government
d03/d03-117/d03-117-00-02.png,transition
g06/g06-047d/g06-047d-03-02.png,increasing
h04/h04-049/h04-049-06-07.png,maintained
d05/d05-040/d05-040-05-07.png,improbable
p03/p03-142/p03-142-02-05.png,explosions
g06/g06-011e/g06-011e-07-04.png,favourable
a05/a05-044/a05-044-06-04.png,Opposition
g06/g06-093/g06-093-03-01.png,understood
h07/h07-044a/h07-044a-03-04.png,successful
g06/g06-037l/g06-037l-01-12.png,understand
m01/m01-095/m01-095-01-06.png,screeching
r02/r02-054/r02-054-04-08.png,succession
h07/h07-069/h07-069-03-03.png,percentage
b01/b01-004/b01-004-01-03.png,conference
g06/g06-026b/g06-026b-07-00.png,assumption
g06/g06-042a/g06-042a-02-02.png,douloureux
a06/a06-039/a06-039-07-02.png,submarines
h01/h01-000/h01-000-10-00.png,Commission
g06/g06-047g/g06-047g-03-05.png,unorthodox
m02/m02-072/m02-072-05-05.png,reverenced
n03/n03-103/n03-103-00-04.png,frightened
l04/l04-102/l04-102-02-06.png,caricature
r02/r02-003/r02-003-01-00.png,provisions
d01/d01-080/d01-080-03-10.png,Frequently
e07/e07-061/e07-061-07-00.png,difficulty
c03/c03-000c/c03-000c-06-02.png,conception
a01/a01-030/a01-030-03-05.png,obligation
g06/g06-026f/g06-026f-04-07.png,Wellington
a04/a04-059/a04-059-04-02.png,conference
c06/c06-095/c06-095-07-00.png,youngsters
f02/f02-044/f02-044-09-00.png,experiment
d06/d06-003/d06-003-03-13.png,suggesting
c03/c03-096c/c03-096c-06-08.png,foreigners
m04/m04-043/m04-043-03-00.png,reasonably
a04/a04-010/a04-010-07-02.png,television
j07/j07-009/j07-009-05-04.png,attractive
b03/b03-104/b03-104-05-06.png,difficulty
j07/j07-015/j07-015-06-01.png,uniformity
b05/b05-038/b05-038-08-00.png,recordings
a03/a03-059/a03-059-06-00.png,committees
d06/d06-008/d06-008-06-06.png,particular
a02/a02-082/a02-082-00-08.png,supporters
d01/d01-049/d01-049-06-06.png,understand
a06/a06-020/a06-020-04-04.png,invitation
b01/b01-009/b01-009-00-06.png,courageous
a02/a02-106/a02-106-07-06.png,Government
g06/g06-026i/g06-026i-05-00.png,government
c03/c03-000a/c03-000a-06-03.png,conception
c03/c03-000a/c03-000a-03-05.png,Richardson
a05/a05-058/a05-058-04-03.png,Government
m01/m01-121/m01-121-06-06.png,suggestion
a01/a01-026u/a01-026u-04-01.png,conference
j07/j07-012/j07-012-03-01.png,continuous
c04/c04-044/c04-044-07-05.png,performing
e01/e01-062/e01-062-04-02.png,reasonably
c02/c02-026/c02-026-05-00.png,tremendous
l03/l03-004/l03-004-03-01.png,instructor
a04/a04-050/a04-050-05-09.png,vulnerable
d06/d06-111/d06-111-02-08.png,everything
a01/a01-053u/a01-053u-09-02.png,considered
g06/g06-037c/g06-037c-09-02.png,themselves
n04/n04-183/n04-183-03-06.png,submarines
h04/h04-082/h04-082-02-08.png,households
h02/h02-035/h02-035-09-01.png,observance
a04/a04-103/a04-103-07-04.png,agreements
a04/a04-069/a04-069-07-07.png,controlled
a06/a06-044/a06-044-01-08.png,disastrous
a01/a01-058/a01-058-09-05.png,Chancellor
a02/a02-116/a02-116-02-04.png,imprisoned
m02/m02-052/m02-052-06-02.png,Department
k02/k02-117/k02-117-00-05.png,mistresses
k02/k02-097/k02-097-05-03.png,interested
g06/g06-037r/g06-037r-08-01.png,themselves
g04/g04-014/g04-014-00-05.png,atmosphere
r03/r03-002/r03-002-06-06.png,complexity
b03/b03-087/b03-087-01-10.png,opposition
c03/c03-007e/c03-007e-06-03.png,churchyard
c06/c06-076/c06-076-02-07.png,budgerigar
a06/a06-128/a06-128-07-01.png,militarism
a03/a03-030/a03-030-09-03.png,expectancy
f07/f07-076a/f07-076a-01-01.png,languorous
a04/a04-096/a04-096-05-02.png,submarines
a06/a06-119/a06-119-01-01.png,successive
g04/g04-104/g04-104-06-00.png,frequently
f07/f07-073/f07-073-02-06.png,perfidious
c06/c06-052/c06-052-01-02.png,publishers
f02/f02-036/f02-036-08-03.png,Retirement
g02/g02-062/g02-062-03-03.png,ventricles
n03/n03-064/n03-064-00-04.png,promontory
h07/h07-078/h07-078-03-00.png,increasing
j06/j06-030/j06-030-00-05.png,continuous
a06/a06-004/a06-004-02-00.png,Government
c06/c06-043/c06-043-07-05.png,newspapers
c04/c04-035/c04-035-01-02.png,Carmichael
m03/m03-114/m03-114-09-02.png,protection
h04/h04-025/h04-025-04-06.png,households
r06/r06-044/r06-044-06-03.png,telephoned
b03/b03-104/b03-104-09-04.png,fahrenheit
e01/e01-025/e01-025-09-01.png,completely
h04/h04-025/h04-025-06-01.png,households
l07/l07-172/l07-172-01-04.png,apparently
k03/k03-117/k03-117-04-00.png,gratefully
g06/g06-047k/g06-047k-03-07.png,increasing
g07/g07-022a/g07-022a-00-04.png,favourably
b06/b06-004/b06-004-04-03.png,Government
h04/h04-078/h04-078-01-00.png,comparison
h07/h07-080/h07-080-04-00.png,Additional
c04/c04-110/c04-110-01-07.png,Parlophone
m01/m01-136/m01-136-03-00.png,perplexity
g04/g04-068/g04-068-05-10.png,Separation
c03/c03-003d/c03-003d-04-03.png,background
a01/a01-063/a01-063-05-02.png,Washington
h06/h06-079/h06-079-03-00.png,electronic
h07/h07-060b/h07-060b-03-06.png,particular
a02/a02-012/a02-012-02-05.png,reputation
a04/a04-092/a04-092-03-06.png,importance
g06/g06-047c/g06-047c-06-00.png,Neapolitan
h04/h04-055/h04-055-07-05.png,vegetables
c01/c01-014/c01-014-04-00.png,everything
c03/c03-081e/c03-081e-09-05.png,restrained
j06/j06-022/j06-022-08-02.png,cladoceran
c03/c03-096e/c03-096e-07-01.png,foreigners
e04/e04-132/e04-132-03-04.png,decorating
a03/a03-047/a03-047-08-02.png,leadership
h07/h07-040b/h07-040b-00-06.png,encouraged
d06/d06-050/d06-050-04-05.png,healthiest
g06/g06-031f/g06-031f-01-00.png,Personally
g01/g01-037/g01-037-07-00.png,journeymen
p03/p03-069/p03-069-01-09.png,remembered
h02/h02-040/h02-040-06-04.png,observance
g06/g06-026r/g06-026r-05-02.png,Wellington
a02/a02-078/a02-078-07-04.png,supporters
g06/g06-037m/g06-037m-09-04.png,themselves
a01/a01-132/a01-132-10-03.png,Assistance
d04/d04-081/d04-081-07-05.png,connection
m04/m04-012/m04-012-03-05.png,interested
g01/g01-088/g01-088-04-02.png,concession
b03/b03-098/b03-098-05-00.png,fahrenheit
g06/g06-042c/g06-042c-02-01.png,douloureux
m04/m04-180/m04-180-01-06.png,Broughtons
h06/h06-003/h06-003-03-02.png,associated
a01/a01-014/a01-014-07-05.png,Greenfield
n04/n04-039/n04-039-01-05.png,shouldered
a01/a01-030x/a01-030x-08-05.png,conference
h02/h02-019/h02-019-05-06.png,substances
g06/g06-037i/g06-037i-01-14.png,understand
k02/k02-053/k02-053-03-00.png,Downstairs
g06/g06-047b/g06-047b-06-02.png,Neapolitan
r02/r02-010/r02-010-00-03.png,interested
r02/r02-127/r02-127-00-06.png,management
g01/g01-031/g01-031-00-06.png,government
b06/b06-059/b06-059-02-06.png,reaffirmed
e02/e02-094/e02-094-09-06.png,inaccurate
a01/a01-068u/a01-068u-07-00.png,Government
c02/c02-026/c02-026-08-05.png,lighthouse
c03/c03-021f/c03-021f-00-06.png,befriended
n02/n02-054/n02-054-01-01.png,understand
h07/h07-033a/h07-033a-02-08.png,reasonable
c04/c04-160/c04-160-05-01.png,atmosphere
a01/a01-113/a01-113-06-03.png,Government
n04/n04-213/n04-213-06-05.png,happenings
p02/p02-144/p02-144-07-00.png,Everything
f01/f01-053/f01-053-06-06.png,vocabulary
a05/a05-017/a05-017-01-01.png,recruiting
b05/b05-098/b05-098-08-04.png,sentiments
k04/k04-028/k04-028-06-06.png,adulterous
g05/g05-087/g05-087-06-01.png,Werewolves
c03/c03-000c/c03-000c-06-06.png,everywhere
c01/c01-009/c01-009-01-00.png,compressed
a03/a03-050/a03-050-07-00.png,television
a01/a01-014x/a01-014x-07-07.png,telephoned
r02/r02-078/r02-078-07-00.png,retrieving
d01/d01-118/d01-118-00-02.png,advantages
b04/b04-047/b04-047-02-04.png,Chancellor
c03/c03-000b/c03-000b-04-09.png,advantages
n01/n01-052/n01-052-08-02.png,helicopter
c03/c03-087f/c03-087f-08-03.png,characters
e07/e07-094/e07-094-01-07.png,compressed
g06/g06-026l/g06-026l-05-04.png,Wellington
e07/e07-072/e07-072-11-00.png,commercial
f07/f07-019b/f07-019b-01-01.png,procession
f01/f01-075/f01-075-02-03.png,sensations
c03/c03-000d/c03-000d-06-06.png,conception
h07/h07-044a/h07-044a-04-00.png,commercial
g04/g04-011/g04-011-06-00.png,Conference
h07/h07-063b/h07-063b-07-05.png,laboratory
h01/h01-010/h01-010-01-08.png,successive
f02/f02-017/f02-017-03-00.png,experience
m01/m01-131/m01-131-05-04.png,spectators
f07/f07-069/f07-069-05-02.png,Hungarians
j01/j01-066/j01-066-07-01.png,difficulty
a01/a01-058/a01-058-03-04.png,Washington
f07/f07-028b/f07-028b-09-04.png,stimulants
m06/m06-048/m06-048-07-00.png,heedlessly
b04/b04-147/b04-147-07-01.png,patrolling
b05/b05-058/b05-058-00-10.png,theodolite
h07/h07-066b/h07-066b-06-01.png,population
a01/a01-053x/a01-053x-08-00.png,nomination
f03/f03-174/f03-174-01-07.png,frightened
c06/c06-111/c06-111-05-03.png,Psychology
e01/e01-092/e01-092-02-04.png,importance
g06/g06-047h/g06-047h-03-02.png,increasing
a01/a01-000x/a01-000x-00-07.png,nominating
m02/m02-095/m02-095-02-07.png,allegiance
k04/k04-010/k04-010-01-01.png,tapestries
g07/g07-042/g07-042-05-04.png,successive
e07/e07-112/e07-112-01-07.png,experience
a02/a02-012/a02-012-03-03.png,negotiator
k04/k04-142/k04-142-03-10.png,understand
h07/h07-057a/h07-057a-04-05.png,personally
g07/g07-042/g07-042-05-00.png,squandered
c03/c03-003d/c03-003d-01-00.png,throughout
h01/h01-004/h01-004-05-07.png,Commission
h04/h04-000/h04-000-08-05.png,especially
h02/h02-004/h02-004-07-02.png,importance
f02/f02-076/f02-076-01-01.png,retirement
b03/b03-092/b03-092-00-04.png,preferable
j06/j06-008/j06-008-00-02.png,occurrence
a04/a04-092/a04-092-02-02.png,Government
k07/k07-185/k07-185-10-02.png,membership
r06/r06-049/r06-049-01-00.png,surrounded
d04/d04-121/d04-121-02-06.png,principles
r06/r06-027/r06-027-04-08.png,Englishman
h07/h07-033/h07-033-05-03.png,individual
a04/a04-047/a04-047-04-00.png,widespread
a02/a02-102/a02-102-08-01.png,Gloucester
m01/m01-125/m01-125-10-04.png,phenomenon
c03/c03-087a/c03-087a-01-05.png,attempting
b05/b05-074/b05-074-00-07.png,Versailles
c03/c03-096a/c03-096a-07-05.png,foreigners
c03/c03-007b/c03-007b-00-06.png,Richardson
m02/m02-095/m02-095-01-02.png,masquerade
d07/d07-102/d07-102-02-04.png,manifested
j04/j04-046/j04-046-02-05.png,prescribed
b02/b02-045/b02-045-07-03.png,reasonable
f02/f02-030/f02-030-05-01.png,department
a03/a03-014/a03-014-09-00.png,Government
c03/c03-007/c03-007-01-04.png,industrial
h04/h04-000/h04-000-06-02.png,allowances
p06/p06-052/p06-052-08-04.png,friendship
a01/a01-113u/a01-113u-08-04.png,Government
c04/c04-004/c04-004-03-06.png,razzamataz
c04/c04-122/c04-122-02-03.png,impeccably
a06/a06-064/a06-064-08-00.png,opposition
h07/h07-030/h07-030-09-00.png,themselves
b02/b02-035/b02-035-09-02.png,Government
h02/h02-028/h02-028-07-02.png,inhalation
e07/e07-105/e07-105-05-03.png,operations
g06/g06-011o/g06-011o-08-05.png,favourable
e07/e07-066/e07-066-04-00.png,greenhouse
a01/a01-132x/a01-132x-02-05.png,Government
r02/r02-000/r02-000-05-00.png,reductions
c04/c04-098/c04-098-03-05.png,Piccadilly
c03/c03-081e/c03-081e-02-06.png,altogether
b04/b04-107/b04-107-03-01.png,Government
f07/f07-092a/f07-092a-03-05.png,interested
g06/g06-042b/g06-042b-02-04.png,douloureux
e02/e02-000/e02-000-02-01.png,frequently
g06/g06-047e/g06-047e-04-07.png,Neapolitan
g06/g06-045p/g06-045p-02-09.png,cultivated
j06/j06-000/j06-000-05-04.png,regularity
c06/c06-043/c06-043-09-02.png,disorderly
g06/g06-031p/g06-031p-06-04.png,Radicalism
a02/a02-027/a02-027-06-07.png,conference
b04/b04-181/b04-181-06-00.png,understand
d05/d05-030/d05-030-01-08.png,historians
l04/l04-124/l04-124-00-07.png,melancholy
n04/n04-048/n04-048-01-01.png,Portsmouth
n04/n04-149/n04-149-02-08.png,Honourable
k04/k04-039/k04-039-02-01.png,Cavalcanti
a01/a01-122u/a01-122u-08-05.png,conditions
a03/a03-009/a03-009-02-01.png,particular
e07/e07-101/e07-101-05-07.png,limitation
g06/g06-045c/g06-045c-03-03.png,cultivated
g06/g06-047p/g06-047p-00-01.png,remarkable
g06/g06-031g/g06-031g-01-02.png,Personally
d04/d04-089/d04-089-05-00.png,symbolises
b05/b05-045/b05-045-08-03.png,consisting
h01/h01-007/h01-007-04-07.png,experience
a01/a01-030u/a01-030u-05-02.png,Government
g06/g06-045f/g06-045f-02-09.png,cultivated
g06/g06-047g/g06-047g-04-12.png,Neapolitan
g07/g07-028a/g07-028a-05-03.png,repentance
j04/j04-012/j04-012-00-04.png,separation
b01/b01-127/b01-127-01-00.png,maintained
e04/e04-119/e04-119-04-07.png,convenient
g06/g06-042m/g06-042m-02-01.png,douloureux
h04/h04-061/h04-061-07-03.png,comparable
g06/g06-037d/g06-037d-08-04.png,themselves
g06/g06-037m/g06-037m-02-04.png,understand
m04/m04-078/m04-078-02-04.png,qualifying
c03/c03-081b/c03-081b-09-01.png,restrained
e01/e01-022/e01-022-04-03.png,generation
k04/k04-061/k04-061-07-03.png,dependence
f07/f07-039b/f07-039b-07-00.png,foodstuffs
b06/b06-032/b06-032-02-06.png,Government
b06/b06-100/b06-100-03-00.png,scientific
c03/c03-003a/c03-003a-01-01.png,throughout
a01/a01-049x/a01-049x-10-00.png,complaints
k04/k04-033/k04-033-04-00.png,splendours
g01/g01-019/g01-019-06-00.png,advantages
k04/k04-054/k04-054-03-07.png,background
b06/b06-000/b06-000-01-02.png,ambassador
b02/b02-013/b02-013-09-00.png,Government
g06/g06-045l/g06-045l-03-00.png,cultivated
d06/d06-100/d06-100-05-03.png,interested
d04/d04-071/d04-071-02-06.png,multiplied
a01/a01-107u/a01-107u-03-06.png,attainable
k02/k02-102/k02-102-02-07.png,mistresses
a04/a04-006/a04-006-01-05.png,membership
f02/f02-033/f02-033-00-05.png,themselves
k04/k04-115/k04-115-06-05.png,slackening
h01/h01-018/h01-018-04-02.png,households
a02/a02-111/a02-111-05-00.png,Government
m04/m04-152/m04-152-02-05.png,elaborated
b01/b01-018/b01-018-03-05.png,conference
h02/h02-037/h02-037-04-01.png,quantities
p01/p01-168/p01-168-05-07.png,afterwards
d01/d01-080/d01-080-07-00.png,impossible
c03/c03-007d/c03-007d-00-06.png,Richardson
g01/g01-037/g01-037-06-00.png,successful
d04/d04-053/d04-053-05-07.png,individual
h07/h07-007/h07-007-02-06.png,reasonable
f02/f02-038/f02-038-02-04.png,increasing
a04/a04-103/a04-103-03-00.png,prevention
c03/c03-007f/c03-007f-00-06.png,Richardson
g02/g02-059/g02-059-05-01.png,ventricles
k04/k04-079/k04-079-03-00.png,compromise
h04/h04-049/h04-049-01-01.png,containing
g07/g07-010b/g07-010b-05-07.png,recognized
b04/b04-187/b04-187-04-02.png,enthusiasm
j06/j06-005/j06-005-04-00.png,calyptopis
g06/g06-026e/g06-026e-04-05.png,government
b04/b04-010/b04-010-05-03.png,fearlessly
g06/g06-042d/g06-042d-01-10.png,douloureux
p02/p02-150/p02-150-06-00.png,understand
f07/f07-006/f07-006-04-07.png,attractive
d06/d06-096/d06-096-03-05.png,inevitable
b01/b01-009/b01-009-00-01.png,Archbishop
d06/d06-003/d06-003-00-06.png,Tremendous
d06/d06-041/d06-041-07-02.png,impossible
h07/h07-011/h07-011-03-01.png,proportion
a01/a01-053/a01-053-02-03.png,Government
l07/l07-131/l07-131-06-01.png,excitement
a01/a01-014x/a01-014x-04-01.png,Government
g06/g06-026l/g06-026l-04-05.png,assumption
h02/h02-028/h02-028-04-01.png,precaution
g06/g06-047k/g06-047k-00-01.png,remarkable
j01/j01-049/j01-049-06-00.png,stabilised
d04/d04-101/d04-101-00-13.png,understand
g07/g07-007a/g07-007a-00-05.png,UNRELIABLE
c03/c03-087d/c03-087d-05-01.png,desolation
a01/a01-038/a01-038-11-03.png,Government
b04/b04-121/b04-121-06-03.png,industries
h02/h02-012/h02-012-06-03.png,containing
k04/k04-033/k04-033-03-01.png,commenting
g06/g06-047j/g06-047j-00-01.png,remarkable
j07/j07-009/j07-009-04-02.png,comparable
g06/g06-042k/g06-042k-02-01.png,douloureux
g05/g05-098/g05-098-01-01.png,Werewolves
m01/m01-038/m01-038-01-01.png,attractive
a05/a05-025/a05-025-00-00.png,Criticisms
a01/a01-030u/a01-030u-00-07.png,Federation
b06/b06-004/b06-004-04-04.png,connivance
a06/a06-014/a06-014-10-00.png,invitation
c03/c03-007d/c03-007d-01-05.png,industrial
b06/b06-015/b06-015-08-04.png,bargaining
r03/r03-007/r03-007-02-01.png,experience
f04/f04-039/f04-039-05-01.png,Wandsworth
a03/a03-027/a03-027-06-05.png,conference
a05/a05-104/a05-104-04-01.png,themselves
g06/g06-047j/g06-047j-05-00.png,unorthodox
k04/k04-017/k04-017-03-06.png,uneasiness
f04/f04-053/f04-053-06-05.png,beginnings
g06/g06-026i/g06-026i-05-05.png,Wellington
n02/n02-146/n02-146-02-04.png,Personally
j01/j01-070/j01-070-04-00.png,electrodes
l04/l04-071/l04-071-02-06.png,encouraged
g01/g01-067/g01-067-02-04.png,definition
a01/a01-117u/a01-117u-02-09.png,percentage
a05/a05-125/a05-125-03-05.png,stretching
m03/m03-062/m03-062-04-00.png,hesitation
d06/d06-063/d06-063-05-02.png,simplicity
c02/c02-007/c02-007-02-03.png,exhibition
f02/f02-036/f02-036-02-04.png,importance
f02/f02-038/f02-038-01-01.png,Conference
e01/e01-119/e01-119-07-04.png,forefinger
b01/b01-018/b01-018-04-08.png,fraudulent
n02/n02-054/n02-054-02-00.png,wherefores
h01/h01-014/h01-014-07-00.png,households
b06/b06-100/b06-100-03-01.png,revolution
e01/e01-107/e01-107-08-02.png,attractive
a01/a01-020u/a01-020u-07-04.png,conference
g06/g06-047f/g06-047f-00-01.png,remarkable
c03/c03-087e/c03-087e-01-05.png,attempting
c03/c03-003f/c03-003f-04-01.png,characters
n02/n02-151/n02-151-05-04.png,complacent
g06/g06-045h/g06-045h-03-04.png,cultivated
g06/g06-011b/g06-011b-10-01.png,favourable
n01/n01-031/n01-031-06-00.png,particular
b06/b06-100/b06-100-01-05.png,extensions
c04/c04-098/c04-098-02-04.png,pianistics
g06/g06-045n/g06-045n-04-04.png,cultivated
g06/g06-026f/g06-026f-04-02.png,government
j04/j04-046/j04-046-04-05.png,metathesis
a01/a01-003/a01-003-04-02.png,Government
c04/c04-122/c04-122-07-05.png,production
k03/k03-164/k03-164-07-04.png,centuryish
p01/p01-155/p01-155-08-03.png,absorption
b04/b04-116/b04-116-00-04.png,Government
c03/c03-000f/c03-000f-04-00.png,Richardson
e06/e06-041/e06-041-05-00.png,Underwater
b04/b04-162/b04-162-08-01.png,tormentors
p02/p02-000/p02-000-00-03.png,passengers
c03/c03-000e/c03-000e-06-05.png,conception
g07/g07-007a/g07-007a-06-03.png,EVERYTHING
g04/g04-003/g04-003-08-05.png,afterwards
h07/h07-066a/h07-066a-04-06.png,percentage
f07/f07-009/f07-009-06-00.png,admittance
d06/d06-015/d06-015-02-01.png,adjustment
f04/f04-024/f04-024-00-04.png,systematic
g06/g06-037p/g06-037p-01-12.png,understand
j06/j06-022/j06-022-09-00.png,longimanus
f07/f07-019b/f07-019b-09-00.png,simplicity
g06/g06-047l/g06-047l-05-05.png,Neapolitan
f07/f07-101b/f07-101b-02-06.png,absolutely
a04/a04-072/a04-072-09-00.png,fulfilment
g01/g01-008/g01-008-06-06.png,operations
n04/n04-044/n04-044-07-06.png,Blockhouse
a01/a01-014u/a01-014u-01-00.png,boycotting
m01/m01-090/m01-090-00-07.png,repetition
f07/f07-042b/f07-042b-07-00.png,considered
d06/d06-067/d06-067-01-00.png,individual
g06/g06-011h/g06-011h-08-04.png,favourable
j04/j04-035/j04-035-08-03.png,analytical
a01/a01-058x/a01-058x-09-01.png,Chancellor
b04/b04-154/b04-154-03-08.png,federation
a06/a06-014/a06-014-06-02.png,speculator
b06/b06-049/b06-049-08-00.png,understood
b05/b05-038/b05-038-08-02.png,television
a03/a03-023/a03-023-02-05.png,leadership
a01/a01-122u/a01-122u-07-05.png,maintained
d06/d06-041/d06-041-03-03.png,thoroughly
a02/a02-057/a02-057-02-05.png,whatsoever
g06/g06-011p/g06-011p-07-04.png,favourable
a02/a02-037/a02-037-05-01.png,Government
f07/f07-073/f07-073-01-07.png,heightened
a01/a01-132/a01-132-02-00.png,adjustment
d06/d06-037/d06-037-04-01.png,understand
g07/g07-044/g07-044-08-05.png,persuading
n02/n02-151/n02-151-00-04.png,somnolence
a02/a02-098/a02-098-03-00.png,suggestion
g02/g02-062/g02-062-07-04.png,dilatation
g06/g06-047o/g06-047o-00-01.png,remarkable
f04/f04-028/f04-028-06-02.png,likelihood
g06/g06-011j/g06-011j-09-03.png,favourable
h07/h07-057a/h07-057a-01-03.png,advantages
b06/b06-090/b06-090-02-02.png,Government
g06/g06-026g/g06-026g-04-03.png,government
e07/e07-083/e07-083-10-02.png,sterilized
f07/f07-019a/f07-019a-07-02.png,simplified
l01/l01-129/l01-129-02-03.png,unexpected
j06/j06-034/j06-034-01-01.png,migrations
a06/a06-025/a06-025-01-00.png,Communists
d06/d06-063/d06-063-05-05.png,successors
g06/g06-026b/g06-026b-07-03.png,government
a01/a01-096u/a01-096u-07-05.png,prostitute
b03/b03-092/b03-092-03-10.png,challenger
c03/c03-087e/c03-087e-08-02.png,characters
b03/b03-092/b03-092-03-00.png,Centigrade
h06/h06-089/h06-089-04-01.png,horizontal
g06/g06-047a/g06-047a-05-08.png,Neapolitan
j01/j01-045/j01-045-06-00.png,conditions
a01/a01-058u/a01-058u-03-03.png,Washington
d06/d06-082/d06-082-04-08.png,frequently
f02/f02-076/f02-076-04-01.png,successful
f01/f01-147/f01-147-04-00.png,correspond
m02/m02-112/m02-112-00-06.png,depressing
a03/a03-006/a03-006-08-00.png,conference
g06/g06-011m/g06-011m-08-03.png,favourable
j04/j04-070/j04-070-05-07.png,containing
f04/f04-096/f04-096-10-05.png,remembered
c03/c03-081f/c03-081f-09-05.png,restrained
g05/g05-087/g05-087-04-06.png,population
r06/r06-049/r06-049-04-06.png,explaining
c03/c03-084d/c03-084d-00-03.png,production
c04/c04-139/c04-139-04-00.png,playwright
a05/a05-004/a05-004-05-01.png,operations
g06/g06-011a/g06-011a-08-06.png,favourable
h02/h02-028/h02-028-03-07.png,recognised
h06/h06-079/h06-079-00-07.png,insulating
f07/f07-069/f07-069-02-00.png,activities
g06/g06-037h/g06-037h-02-03.png,understand
b01/b01-079/b01-079-07-07.png,instructed
e01/e01-035/e01-035-05-00.png,livelihood
g07/g07-034/g07-034-01-10.png,absolutely
g05/g05-098/g05-098-02-10.png,Particular
e04/e04-043/e04-043-02-07.png,simplicity
a01/a01-053x/a01-053x-08-05.png,considered
g04/g04-095/g04-095-02-01.png,friendship
j06/j06-026/j06-026-05-01.png,phenomenon
a02/a02-067/a02-067-01-06.png,disturbing
d06/d06-011/d06-011-09-03.png,frequently
a04/a04-019/a04-019-03-01.png,conference
g03/g03-043/g03-043-07-05.png,acquainted
b06/b06-056/b06-056-00-01.png,obstructed
f07/f07-036/f07-036-07-00.png,considered
k04/k04-061/k04-061-06-08.png,invariably
m02/m02-106/m02-106-07-04.png,symbolised
h04/h04-025/h04-025-04-02.png,noteworthy
f07/f07-032b/f07-032b-07-01.png,considered
g07/g07-071a/g07-071a-04-03.png,unswerving
h07/h07-063a/h07-063a-07-06.png,Department
h01/h01-014/h01-014-01-03.png,households
b01/b01-073/b01-073-05-00.png,understood
m01/m01-022/m01-022-02-09.png,punctuated
b04/b04-107/b04-107-00-02.png,Government
h07/h07-017/h07-017-02-03.png,introduced
h07/h07-025a/h07-025a-07-00.png,considered
h02/h02-004/h02-004-09-00.png,particular
h02/h02-004/h02-004-05-01.png,interested
f04/f04-049/f04-049-05-04.png,presumably
f07/f07-081a/f07-081a-07-00.png,proportion
n02/n02-109/n02-109-00-06.png,apparently
b01/b01-094/b01-094-08-02.png,government
a01/a01-020u/a01-020u-00-06.png,conference
k03/k03-138/k03-138-04-06.png,Chancellor
c03/c03-016a/c03-016a-03-01.png,slatternly
j04/j04-046/j04-046-03-00.png,conditions
g06/g06-047l/g06-047l-04-00.png,unorthodox
a05/a05-084/a05-084-07-00.png,Throughout
f04/f04-064/f04-064-07-00.png,passengers
a01/a01-026x/a01-026x-08-02.png,Federation
b04/b04-026/b04-026-06-00.png,commercial
g06/g06-047b/g06-047b-03-07.png,increasing
c04/c04-134/c04-134-03-03.png,possessive
n02/n02-082a/n02-082a-03-07.png,circumvent
h01/h01-010/h01-010-06-00.png,previously
a03/a03-017/a03-017-01-05.png,statements
j04/j04-053/j04-053-04-03.png,completely
a04/a04-099/a04-099-10-02.png,impossible
a06/a06-044/a06-044-05-07.png,signalling
j04/j04-024/j04-024-07-01.png,milligrams
h02/h02-012/h02-012-08-00.png,considered
j06/j06-014/j06-014-04-04.png,banforanus
n02/n02-062/n02-062-03-00.png,thoroughly
l01/l01-133/l01-133-04-01.png,methodical
c04/c04-150/c04-150-06-07.png,frightened
d06/d06-020/d06-020-00-01.png,Gethsemane
j07/j07-012/j07-012-04-06.png,properties
m01/m01-079/m01-079-00-02.png,precaution
g01/g01-000/g01-000-04-07.png,financiers
c03/c03-000a/c03-000a-05-03.png,advantages
h04/h04-000/h04-000-03-04.png,incomplete
g04/g04-011/g04-011-03-04.png,organizing
p03/p03-151/p03-151-02-01.png,particular
m04/m04-019/m04-019-03-01.png,wretchedly
a03/a03-006/a03-006-08-02.png,neutralist
r02/r02-010/r02-010-04-02.png,chinchilla
b05/b05-071/b05-071-00-01.png,understood
l04/l04-082/l04-082-07-00.png,transfixed
b04/b04-107/b04-107-05-06.png,Timetables
n01/n01-009/n01-009-05-07.png,altogether
a04/a04-092/a04-092-05-08.png,Government
c03/c03-003a/c03-003a-08-01.png,atmosphere
a03/a03-059/a03-059-07-03.png,investment
e02/e02-117/e02-117-08-04.png,difficulty
a02/a02-093/a02-093-07-07.png,maintained
g06/g06-031d/g06-031d-01-02.png,Personally
d04/d04-096/d04-096-06-07.png,represents
n01/n01-009/n01-009-06-00.png,uneventful
h05/h05-012/h05-012-02-00.png,structures
c03/c03-084c/c03-084c-05-06.png,unfamiliar
g06/g06-026p/g06-026p-05-00.png,government
d04/d04-016/d04-016-03-04.png,irrelevant
c03/c03-007f/c03-007f-01-05.png,industrial
a03/a03-014/a03-014-00-01.png,emissaries
e01/e01-102/e01-102-05-00.png,chairbacks
d05/d05-021/d05-021-07-05.png,Authorized
b04/b04-054/b04-054-00-00.png,ARCHBISHOP
b04/b04-134/b04-134-01-00.png,prosperity
a04/a04-035/a04-035-08-01.png,Indonesian
a06/a06-036/a06-036-00-06.png,destroying
g06/g06-011r/g06-011r-07-05.png,favourable
m03/m03-095/m03-095-00-04.png,impression
g06/g06-047o/g06-047o-04-01.png,increasing
g03/g03-016/g03-016-05-02.png,sacrifices
c04/c04-144/c04-144-06-02.png,soldiering
a01/a01-049u/a01-049u-01-03.png,opposition
a02/a02-053/a02-053-07-02.png,associates
c03/c03-087b/c03-087b-08-01.png,characters
g01/g01-074/g01-074-05-02.png,chronicles
b04/b04-147/b04-147-00-01.png,experiment
e01/e01-119/e01-119-04-02.png,directions
b04/b04-096/b04-096-03-04.png,Opposition
f01/f01-066/f01-066-02-11.png,biological
g06/g06-011c/g06-011c-08-03.png,favourable
m02/m02-102/m02-102-08-03.png,interested
b04/b04-066/b04-066-01-00.png,springtime
j06/j06-051/j06-051-07-01.png,dependence
e07/e07-076/e07-076-04-01.png,facilities
k07/k07-176/k07-176-01-00.png,yourselves
h07/h07-030a/h07-030a-03-01.png,commercial
b04/b04-140/b04-140-02-06.png,preventive
a06/a06-147/a06-147-06-04.png,occupation
c03/c03-000b/c03-000b-03-02.png,Richardson
b04/b04-116/b04-116-05-02.png,Government
j06/j06-030/j06-030-02-01.png,population
h07/h07-071a/h07-071a-06-05.png,stimulated
f02/f02-040/f02-040-00-06.png,Retirement
g06/g06-047h/g06-047h-00-01.png,remarkable
a01/a01-049u/a01-049u-03-00.png,Washington
c03/c03-084e/c03-084e-00-03.png,production
d04/d04-125/d04-125-04-00.png,redemption
g07/g07-007a/g07-007a-04-05.png,ELEMENTARY
c02/c02-007/c02-007-05-00.png,playwright
a05/a05-000/a05-000-06-03.png,integrated
g01/g01-034/g01-034-07-07.png,Parliament
b06/b06-064/b06-064-09-06.png,consistent
a01/a01-014u/a01-014u-06-01.png,Greenfield
c03/c03-003b/c03-003b-03-05.png,characters
a05/a05-104/a05-104-00-04.png,Government
a02/a02-086/a02-086-06-01.png,stimulated
n06/n06-100/n06-100-05-00.png,fascinated
r03/r03-110/r03-110-04-03.png,publishers
h07/h07-066a/h07-066a-05-01.png,population
g06/g06-047d/g06-047d-00-01.png,remarkable
a03/a03-009/a03-009-04-00.png,coordinate
n03/n03-079/n03-079-06-02.png,pantaloons
d06/d06-037/d06-037-07-06.png,standstill
b04/b04-128/b04-128-03-00.png,tremendous
a01/a01-113u/a01-113u-03-06.png,absolutely
h07/h07-057a/h07-057a-02-05.png,population
l01/l01-105/l01-105-06-03.png,unpunctual
a06/a06-008/a06-008-01-02.png,Government
a03/a03-043/a03-043-02-03.png,individual
f07/f07-039a/f07-039a-04-05.png,foodstuffs
c03/c03-084f/c03-084f-07-00.png,unfamiliar
j04/j04-061/j04-061-04-01.png,separating
g06/g06-047m/g06-047m-00-01.png,remarkable
g06/g06-042h/g06-042h-02-01.png,douloureux
e04/e04-043/e04-043-02-04.png,especially
g01/g01-034/g01-034-04-06.png,production
k04/k04-136/k04-136-02-09.png,punishment
a03/a03-063/a03-063-05-05.png,organizing
a01/a01-132u/a01-132u-01-04.png,adjustment
g06/g06-026m/g06-026m-05-02.png,assumption
l04/l04-124/l04-124-02-02.png,excitement
m02/m02-095/m02-095-05-04.png,civilizing
k07/k07-085/k07-085-01-08.png,unfaithful
b06/b06-023/b06-023-05-02.png,battalions
c06/c06-087/c06-087-03-00.png,inevitably
h04/h04-071/h04-071-03-02.png,associated
d04/d04-066/d04-066-07-05.png,diligently
c03/c03-084b/c03-084b-06-03.png,unfamiliar
a05/a05-113/a05-113-01-00.png,Government
f02/f02-040/f02-040-06-05.png,Department
f04/f04-007/f04-007-01-00.png,instrument
a03/a03-063/a03-063-04-00.png,interested
a05/a05-104/a05-104-07-06.png,especially
b03/b03-114/b03-114-00-04.png,fahrenheit
n02/n02-004/n02-004-02-00.png,reproaches
a03/a03-047/a03-047-09-00.png,politician
f07/f07-002/f07-002-08-02.png,protecting
h07/h07-063b/h07-063b-09-05.png,Department
j04/j04-098/j04-098-01-03.png,correction
h01/h01-014/h01-014-04-00.png,Government
a05/a05-073/a05-073-09-04.png,undertaken
a01/a01-026x/a01-026x-03-05.png,conference
g06/g06-042r/g06-042r-02-00.png,douloureux
c01/c01-066/c01-066-09-04.png,breathless
k03/k03-164/k03-164-07-03.png,nineteenth
g06/g06-047n/g06-047n-04-01.png,increasing
d05/d05-030/d05-030-00-01.png,associated
c04/c04-056/c04-056-06-04.png,especially
a05/a05-084/a05-084-06-00.png,remarkable
b02/b02-045/b02-045-06-06.png,responding
h07/h07-071/h07-071-08-00.png,industries
g07/g07-047/g07-047-09-02.png,subversive
h07/h07-084/h07-084-03-01.png,industrial
a06/a06-020/a06-020-00-02.png,announcing
c02/c02-078/c02-078-05-00.png,attractive
f07/f07-021a/f07-021a-07-02.png,Israelites
g06/g06-047b/g06-047b-04-03.png,unorthodox
c03/c03-096d/c03-096d-08-00.png,foreigners
f07/f07-101b/f07-101b-00-11.png,mentioning
g03/g03-043/g03-043-04-01.png,christened
d06/d06-072/d06-072-09-04.png,inevitably
h02/h02-019/h02-019-06-03.png,controlled
b06/b06-049/b06-049-06-06.png,consistent
a05/a05-104/a05-104-06-01.png,Government
a06/a06-025/a06-025-08-00.png,committees
a05/a05-039/a05-039-03-00.png,appearance
e04/e04-099/e04-099-00-06.png,accurately
a02/a02-086/a02-086-01-02.png,statements
f07/f07-081a/f07-081a-02-02.png,gastronomy
h07/h07-063b/h07-063b-05-01.png,Stationery
g06/g06-037g/g06-037g-01-14.png,understand
k04/k04-142/k04-142-06-06.png,faithfully
r06/r06-070/r06-070-08-03.png,spectators
h04/h04-061/h04-061-09-05.png,associated
k02/k02-102/k02-102-01-02.png,restricted
a02/a02-027/a02-027-04-01.png,Government
h07/h07-071a/h07-071a-07-03.png,industries
c03/c03-003e/c03-003e-04-03.png,background
b06/b06-000/b06-000-04-05.png,opposition
h07/h07-025/h07-025-09-03.png,sufficient
h07/h07-003/h07-003-00-06.png,industrial
h02/h02-024/h02-024-07-00.png,endangered
e07/e07-083/e07-083-08-05.png,enthusiasm
r03/r03-030/r03-030-04-05.png,possession
g01/g01-012/g01-012-05-05.png,subsidized
g01/g01-088/g01-088-05-00.png,objections
h01/h01-010/h01-010-03-00.png,proportion
a02/a02-017/a02-017-06-01.png,Commission
l04/l04-012/l04-012-00-09.png,cheerfully
g06/g06-031j/g06-031j-01-02.png,Personally
f04/f04-039/f04-039-00-05.png,engagement
n04/n04-130/n04-130-01-09.png,proprietor
c03/c03-096f/c03-096f-08-00.png,foreigners
g04/g04-022/g04-022-04-00.png,incumbency
g06/g06-047f/g06-047f-03-00.png,unorthodox
h02/h02-037/h02-037-01-00.png,inspection
h07/h07-054a/h07-054a-04-03.png,especially
m02/m02-102/m02-102-09-02.png,initialled
f07/f07-073/f07-073-02-04.png,insinuates
h07/h07-071/h07-071-07-02.png,stimulated
g04/g04-108/g04-108-00-07.png,antagonism
a05/a05-013/a05-013-07-00.png,Serviceman
m04/m04-093/m04-093-07-04.png,traversing
a01/a01-049x/a01-049x-01-03.png,opposition
c03/c03-000c/c03-000c-03-04.png,Richardson
g07/g07-028b/g07-028b-05-05.png,repentance
a02/a02-057/a02-057-03-08.png,Supporters
b04/b04-154/b04-154-01-05.png,Federation
n06/n06-123/n06-123-08-00.png,gratefully
d01/d01-118/d01-118-02-04.png,particular
d06/d06-000/d06-000-08-04.png,completely
b02/b02-045/b02-045-06-00.png,Government
h02/h02-017/h02-017-05-03.png,Substances
l07/l07-172/l07-172-02-02.png,efficiency
p03/p03-181/p03-181-03-04.png,admiration
f07/f07-039a/f07-039a-02-00.png,clarifying
m04/m04-123/m04-123-07-02.png,passengers
f03/f03-182/f03-182-06-01.png,television
f07/f07-021a/f07-021a-05-01.png,birthright
g04/g04-098/g04-098-01-01.png,friendship
b01/b01-000/b01-000-04-00.png,Conference
a04/a04-099/a04-099-01-03.png,population
h04/h04-055/h04-055-01-05.png,vegetables
e01/e01-107/e01-107-07-03.png,proficient
h07/h07-071a/h07-071a-03-01.png,employment
g06/g06-026a/g06-026a-05-01.png,assumption
l01/l01-173/l01-173-05-02.png,downstairs
c03/c03-096c/c03-096c-00-08.png,explicably
h01/h01-027/h01-027-01-04.png,considered
a03/a03-054/a03-054-06-00.png,ammunition
g06/g06-047r/g06-047r-00-01.png,remarkable
g06/g06-105/g06-105-03-05.png,difficulty
e07/e07-086/e07-086-04-00.png,expendable
a01/a01-132u/a01-132u-09-01.png,Assistance
a05/a05-053/a05-053-08-04.png,Government
g04/g04-011/g04-011-01-02.png,connection
a04/a04-019/a04-019-04-02.png,conference
m01/m01-136/m01-136-06-06.png,themselves
h07/h07-013/h07-013-04-01.png,employment
c03/c03-087c/c03-087c-01-04.png,attempting
g01/g01-088/g01-088-06-01.png,suggestion
m01/m01-136/m01-136-03-01.png,respecting
j06/j06-014/j06-014-01-04.png,longiremis
h04/h04-071/h04-071-04-07.png,vegetables
f01/f01-085/f01-085-01-00.png,psychology
a01/a01-122/a01-122-05-08.png,maintained
m04/m04-145/m04-145-04-00.png,Commanding
g06/g06-093/g06-093-06-00.png,impossible
a03/a03-023/a03-023-01-00.png,Government
a02/a02-024/a02-024-05-08.png,assistants
k02/k02-112/k02-112-03-01.png,personally
c03/c03-084a/c03-084a-04-05.png,television
r02/r02-060/r02-060-05-03.png,vigorously
e06/e06-021/e06-021-03-06.png,travelling
a05/a05-121/a05-121-03-00.png,atmosphere
f02/f02-044/f02-044-03-01.png,retirement
c06/c06-091/c06-091-00-02.png,hereabouts
p01/p01-155/p01-155-09-03.png,debauchery
a01/a01-058u/a01-058u-08-05.png,Chancellor
f02/f02-038/f02-038-04-03.png,retirement
h04/h04-057/h04-057-06-06.png,speciality
a03/a03-054/a03-054-00-00.png,Everything
a02/a02-086/a02-086-00-03.png,background
g03/g03-064/g03-064-05-02.png,understand
h07/h07-025a/h07-025a-07-01.png,sufficient
e07/e07-079/e07-079-07-02.png,delightful
a04/a04-092/a04-092-09-06.png,antagonism
a02/a02-037/a02-037-07-03.png,punishable
a03/a03-023/a03-023-05-00.png,tactically
a05/a05-029/a05-029-08-06.png,sacrificed
a01/a01-077u/a01-077u-03-04.png,conference
p03/p03-004/p03-004-06-05.png,Department
r02/r02-010/r02-010-02-01.png,Cheesecake
b01/b01-023/b01-023-04-03.png,principles
a06/a06-000/a06-000-02-05.png,Chancellor
g04/g04-007/g04-007-06-03.png,Winchester
d06/d06-050/d06-050-02-00.png,attractive
r06/r06-049/r06-049-02-07.png,telephoned
k04/k04-068/k04-068-00-02.png,gentleness
h04/h04-061/h04-061-03-02.png,households
g06/g06-037f/g06-037f-01-11.png,understand
h04/h04-049/h04-049-08-02.png,households
a02/a02-024/a02-024-04-06.png,delegation
g01/g01-083/g01-083-00-08.png,staggering
r06/r06-076/r06-076-08-04.png,crossroads
d06/d06-096/d06-096-02-08.png,understand
c03/c03-084c/c03-084c-00-03.png,production
g06/g06-026o/g06-026o-07-05.png,Wellington
e04/e04-109/e04-109-01-05.png,galvanized
h01/h01-000/h01-000-10-02.png,Population
l04/l04-043/l04-043-00-01.png,encourages
f04/f04-011/f04-011-00-08.png,definitely
l07/l07-138/l07-138-04-07.png,pronounced
r06/r06-070/r06-070-07-03.png,ambulances
m01/m01-026/m01-026-00-03.png,imbecility
f02/f02-040/f02-040-07-06.png,University
n04/n04-218/n04-218-07-02.png,submarines
n03/n03-038/n03-038-05-03.png,compliance
b04/b04-107/b04-107-03-05.png,experience
n04/n04-202/n04-202-04-08.png,submarines
c03/c03-007/c03-007-00-06.png,Richardson
c06/c06-116/c06-116-09-00.png,meandering
c03/c03-087b/c03-087b-01-05.png,attempting
h01/h01-007/h01-007-01-03.png,previously
c03/c03-003e/c03-003e-08-02.png,atmosphere
g06/g06-031n/g06-031n-09-05.png,Radicalism
h07/h07-025a/h07-025a-01-08.png,employment
h07/h07-011/h07-011-02-04.png,electrical
m01/m01-026/m01-026-06-08.png,thoroughly
k07/k07-125/k07-125-00-07.png,afterwards
a03/a03-043/a03-043-05-02.png,acceptable
h02/h02-008/h02-008-06-05.png,assistance
b04/b04-107/b04-107-06-05.png,Commission
g01/g01-000/g01-000-01-00.png,imprisoned
a02/a02-116/a02-116-00-05.png,authorised
c03/c03-021e/c03-021e-00-06.png,befriended
n01/n01-036/n01-036-03-08.png,incredible
m02/m02-087/m02-087-03-03.png,remembered
a04/a04-003/a04-003-05-07.png,conditions
m03/m03-095/m03-095-04-06.png,confirming
l01/l01-095/l01-095-07-01.png,thereafter
c03/c03-021a/c03-021a-00-06.png,befriended
h06/h06-000/h06-000-01-01.png,occurrence
a01/a01-030x/a01-030x-04-04.png,obligation
j04/j04-065/j04-065-05-03.png,containing
d07/d07-093/d07-093-03-03.png,discussion
b02/b02-045/b02-045-06-04.png,appearance
d01/d01-056/d01-056-00-02.png,convenient
m03/m03-095/m03-095-05-01.png,impression
n02/n02-120/n02-120-02-08.png,difference
b04/b04-187/b04-187-06-06.png,enthusiasm
b06/b06-071/b06-071-03-00.png,Government
f01/f01-147/f01-147-04-06.png,experience
m01/m01-131/m01-131-01-02.png,impression
f02/f02-038/f02-038-08-03.png,facilities
g06/g06-047c/g06-047c-04-02.png,unorthodox
d06/d06-030/d06-030-03-07.png,difference
b04/b04-195/b04-195-05-02.png,techniques
g06/g06-026n/g06-026n-07-05.png,Wellington
h07/h07-033a/h07-033a-04-01.png,individual
h04/h04-078/h04-078-03-01.png,comparison
g06/g06-026e/g06-026e-05-02.png,Wellington
b05/b05-038/b05-038-06-02.png,completely
r02/r02-065/r02-065-01-01.png,excitement
j06/j06-026/j06-026-04-03.png,considered
a02/a02-027/a02-027-03-02.png,compulsory
c03/c03-003e/c03-003e-04-00.png,characters
c03/c03-007a/c03-007a-01-05.png,industrial
j04/j04-015/j04-015-08-04.png,separation
k07/k07-085/k07-085-05-05.png,immaterial
c03/c03-087b/c03-087b-04-06.png,desolation
a01/a01-026/a01-026-03-03.png,conference
g06/g06-037i/g06-037i-08-00.png,themselves
g06/g06-047r/g06-047r-03-02.png,increasing
p03/p03-009/p03-009-05-01.png,directions
c03/c03-081f/c03-081f-02-06.png,altogether
c02/c02-030/c02-030-01-00.png,marvellous
b04/b04-162/b04-162-00-04.png,successful
d01/d01-049/d01-049-01-09.png,colleagues
d06/d06-086/d06-086-10-06.png,exhausting
g06/g06-011g/g06-011g-07-00.png,favourable
a03/a03-066/a03-066-02-01.png,Government
k04/k04-093/k04-093-02-08.png,exhibiting
j04/j04-008/j04-008-00-07.png,equivalent
j07/j07-005/j07-005-00-06.png,corrugated
j01/j01-049/j01-049-02-02.png,impervious
a01/a01-030/a01-030-00-07.png,Federation
g06/g06-026p/g06-026p-04-07.png,assumption
h07/h07-060a/h07-060a-05-02.png,misgivings
l04/l04-147/l04-147-04-09.png,everything
b06/b06-075/b06-075-04-04.png,themselves
g06/g06-047f/g06-047f-04-01.png,Neapolitan
g07/g07-038/g07-038-08-06.png,implicitly
e01/e01-029/e01-029-04-04.png,Chairbacks
e06/e06-021/e06-021-00-05.png,particular
j06/j06-051/j06-051-05-07.png,Initiating
c03/c03-087d/c03-087d-02-00.png,attempting
m04/m04-007/m04-007-08-00.png,Birmingham
c03/c03-096a/c03-096a-01-00.png,explicably
b04/b04-096/b04-096-03-00.png,worthwhile
n01/n01-004/n01-004-00-04.png,experience
b05/b05-032/b05-032-00-01.png,travellers
f03/f03-174/f03-174-05-05.png,experience
g06/g06-047j/g06-047j-04-01.png,increasing
h01/h01-024/h01-024-07-00.png,households
b04/b04-096/b04-096-00-03.png,Government
g06/g06-037f/g06-037f-07-01.png,themselves
c04/c04-160/c04-160-04-00.png,production
e07/e07-079/e07-079-03-04.png,protection
m01/m01-104/m01-104-00-10.png,presumably
j04/j04-080/j04-080-04-05.png,completely
f02/f02-040/f02-040-03-03.png,committees
a01/a01-113/a01-113-02-07.png,absolutely
g02/g02-065/g02-065-02-01.png,ventricles
c03/c03-003f/c03-003f-08-05.png,atmosphere
a04/a04-066/a04-066-04-02.png,supporters
c03/c03-081a/c03-081a-02-06.png,altogether
a01/a01-014x/a01-014x-00-06.png,boycotting
c03/c03-081c/c03-081c-02-03.png,altogether
e01/e01-113/e01-113-01-01.png,forefinger
b05/b05-079/b05-079-04-01.png,population
a06/a06-134/a06-134-00-08.png,memorandum
e06/e06-041/e06-041-03-04.png,vibrations
g06/g06-026k/g06-026k-05-03.png,government
b01/b01-122/b01-122-00-02.png,impossible
c04/c04-110/c04-110-03-12.png,accountant
a01/a01-102u/a01-102u-02-01.png,supporting
g06/g06-031r/g06-031r-01-02.png,Personally
f07/f07-073/f07-073-00-05.png,delectable
g01/g01-067/g01-067-06-01.png,Canterbury
h07/h07-037a/h07-037a-05-04.png,introduced
g06/g06-089/g06-089-01-01.png,employment
a04/a04-066/a04-066-06-05.png,opposition
g06/g06-045g/g06-045g-02-12.png,cultivated
g06/g06-045e/g06-045e-03-00.png,cultivated
m06/m06-106/m06-106-07-04.png,increasing
b01/b01-062/b01-062-07-02.png,discretion
h07/h07-051b/h07-051b-06-03.png,government
j01/j01-042/j01-042-06-07.png,conditions
f02/f02-076/f02-076-00-06.png,adjustment
c01/c01-014/c01-014-08-03.png,caricature
b05/b05-079/b05-079-07-05.png,dispatched
c06/c06-020/c06-020-03-01.png,journalist
c06/c06-039/c06-039-04-05.png,shillelagh
f01/f01-139/f01-139-06-04.png,unreliable
g06/g06-047j/g06-047j-06-08.png,Neapolitan
a04/a04-092/a04-092-07-03.png,inevitable
b04/b04-060/b04-060-02-04.png,Government
c03/c03-084e/c03-084e-06-02.png,unfamiliar
b04/b04-040/b04-040-00-04.png,whatsoever
r03/r03-050/r03-050-05-07.png,constantly
d04/d04-032/d04-032-04-02.png,impression
a02/a02-004/a02-004-03-04.png,leadership
f07/f07-032a/f07-032a-06-01.png,considered
h01/h01-027/h01-027-08-00.png,households
g03/g03-032/g03-032-04-06.png,presenting
f02/f02-076/f02-076-04-04.png,retirement
d04/d04-089/d04-089-05-02.png,bitterness
a01/a01-132u/a01-132u-02-05.png,Government
g06/g06-026n/g06-026n-06-03.png,assumption
c03/c03-000b/c03-000b-05-07.png,conception
b06/b06-000/b06-000-04-02.png,rearmament
b02/b02-102/b02-102-01-05.png,paralysing
a03/a03-011/a03-011-01-02.png,especially
g06/g06-109/g06-109-01-02.png,remembered
c03/c03-087e/c03-087e-01-00.png,treatments
h07/h07-063a/h07-063a-04-02.png,Stationery
g07/g07-044/g07-044-06-02.png,separation
g07/g07-007b/g07-007b-03-02.png,elementary
e02/e02-117/e02-117-07-04.png,WOODWORKER
b04/b04-060/b04-060-00-07.png,Government
a01/a01-077/a01-077-03-03.png,Washington
g06/g06-026o/g06-026o-06-02.png,assumption
a05/a05-029/a05-029-07-01.png,operations
g01/g01-070/g01-070-00-02.png,resentment
b05/b05-032/b05-032-03-07.png,Britishers
f07/f07-101a/f07-101a-04-00.png,ABSOLUTELY
a01/a01-000x/a01-000x-03-05.png,resolution
c03/c03-087f/c03-087f-05-00.png,desolation
c06/c06-039/c06-039-01-08.png,disorderly
e07/e07-003/e07-003-07-03.png,biological
g07/g07-077a/g07-077a-08-02.png,background
g06/g06-045m/g06-045m-04-00.png,cultivated
e01/e01-107/e01-107-03-03.png,directions
g03/g03-052/g03-052-03-04.png,Parliament
e01/e01-025/e01-025-02-00.png,lamentably
a04/a04-027/a04-027-03-09.png,Chancellor
j06/j06-056/j06-056-03-07.png,particular
f07/f07-021b/f07-021b-06-06.png,birthright
k02/k02-097/k02-097-05-06.png,unfamiliar
j04/j04-019/j04-019-06-04.png,difference
h06/h06-000/h06-000-03-04.png,Inspectors
g06/g06-026n/g06-026n-07-00.png,government
h07/h07-040/h07-040-07-03.png,commercial
r06/r06-000/r06-000-02-03.png,whispering
a03/a03-073/a03-073-05-01.png,adaptation
c06/c06-087/c06-087-05-00.png,themselves
g06/g06-026j/g06-026j-05-06.png,assumption
f01/f01-075/f01-075-02-00.png,identified
h04/h04-035/h04-035-01-00.png,throughout
a04/a04-019/a04-019-03-04.png,Particular
c03/c03-003f/c03-003f-01-01.png,throughout
d06/d06-113/d06-113-03-06.png,particular
c03/c03-007/c03-007-06-02.png,churchyard
h02/h02-012/h02-012-07-00.png,substances
m01/m01-079/m01-079-01-04.png,pedestrian
a05/a05-094/a05-094-09-02.png,conference
l04/l04-102/l04-102-06-03.png,mouldering
e04/e04-000/e04-000-02-00.png,commercial
g06/g06-031o/g06-031o-01-05.png,Personally
r06/r06-106/r06-106-08-04.png,everything
j04/j04-024/j04-024-05-02.png,completely
n04/n04-022/n04-022-06-03.png,Portsmouth
a01/a01-020x/a01-020x-00-06.png,conference
h07/h07-044a/h07-044a-03-05.png,industries
g01/g01-039/g01-039-09-02.png,controlled
l04/l04-082/l04-082-08-03.png,themselves
a06/a06-075/a06-075-06-04.png,Sunderland
g07/g07-047/g07-047-09-03.png,journalist
g06/g06-026a/g06-026a-06-03.png,Wellington
f01/f01-147/f01-147-07-00.png,psychology
h07/h07-007/h07-007-03-06.png,occupation
a06/a06-124/a06-124-02-04.png,overdrafts
c04/c04-080/c04-080-02-02.png,DELIGHTFUL
a04/a04-059/a04-059-07-00.png,supporters
c03/c03-000e/c03-000e-07-02.png,everywhere
e07/e07-007/e07-007-00-01.png,biological
j04/j04-065/j04-065-01-00.png,experiment
a01/a01-049x/a01-049x-02-00.png,television
g06/g06-042f/g06-042f-01-08.png,douloureux
d06/d06-050/d06-050-03-08.png,exhaustion
j01/j01-066/j01-066-06-00.png,monitoring
g06/g06-047o/g06-047o-05-00.png,unorthodox
f07/f07-081b/f07-081b-01-06.png,gastronomy
e06/e06-030/e06-030-02-06.png,succession
r03/r03-035/r03-035-07-11.png,securities
g07/g07-010b/g07-010b-06-08.png,Government
g01/g01-025/g01-025-06-05.png,expedients
a03/a03-071/a03-071-05-03.png,constitute
a06/a06-070/a06-070-02-00.png,Government
g06/g06-026g/g06-026g-04-00.png,assumption
h01/h01-007/h01-007-07-06.png,terminated
a04/a04-081/a04-081-04-03.png,structures
c06/c06-000/c06-000-01-01.png,tranquilly
d04/d04-111/d04-111-10-08.png,represents
a03/a03-047/a03-047-04-00.png,impression
c03/c03-096b/c03-096b-07-03.png,foreigners
a01/a01-003u/a01-003u-05-00.png,Government
r06/r06-041/r06-041-05-07.png,documented
g07/g07-018a/g07-018a-08-02.png,pretension
n04/n04-202/n04-202-05-08.png,Blockhouse
g01/g01-019/g01-019-00-06.png,expedition
h02/h02-035/h02-035-03-07.png,substances
c03/c03-000d/c03-000d-03-06.png,Richardson
a02/a02-053/a02-053-02-07.png,Ambassador
e06/e06-006/e06-006-01-04.png,inevitably
b06/b06-064/b06-064-03-05.png,decisively
f04/f04-083/f04-083-04-00.png,circulated
c03/c03-003c/c03-003c-08-02.png,atmosphere
g06/g06-047p/g06-047p-02-11.png,increasing
b01/b01-027/b01-027-08-04.png,programmes
a03/a03-071/a03-071-01-04.png,Government
b06/b06-045/b06-045-07-06.png,majorities
a05/a05-048/a05-048-02-05.png,electorate
g06/g06-047d/g06-047d-03-07.png,unorthodox
e04/e04-099/e04-099-01-04.png,sufficient
b01/b01-073/b01-073-01-00.png,Government
b04/b04-054/b04-054-01-02.png,Government
g06/g06-047c/g06-047c-00-01.png,remarkable
a02/a02-106/a02-106-00-05.png,hereditary
e02/e02-086/e02-086-09-01.png,enormously
h07/h07-000/h07-000-04-08.png,industrial
j04/j04-098/j04-098-09-01.png,evaporated
b05/b05-079/b05-079-02-04.png,successful
a04/a04-000/a04-000-04-06.png,discussion
r06/r06-090/r06-090-10-05.png,sandwiches
j04/j04-035/j04-035-00-00.png,Absorption
b06/b06-049/b06-049-05-00.png,rearmament
g06/g06-031b/g06-031b-09-01.png,Radicalism
d06/d06-011/d06-011-08-05.png,situations
b06/b06-090/b06-090-06-04.png,facilities
g06/g06-037j/g06-037j-02-04.png,understand
k04/k04-103/k04-103-07-01.png,travellers
a01/a01-068u/a01-068u-06-05.png,Eisenhower
r06/r06-137/r06-137-06-00.png,absolutely
e04/e04-004/e04-004-04-07.png,dimensions
f07/f07-039a/f07-039a-05-02.png,encounters
b03/b03-025/b03-025-00-01.png,discussion
f02/f02-033/f02-033-10-06.png,retirement
f02/f02-076/f02-076-04-02.png,adjustment
h07/h07-033a/h07-033a-09-00.png,dependence
e04/e04-038/e04-038-02-09.png,protective
l04/l04-118/l04-118-04-00.png,background
a04/a04-050/a04-050-01-02.png,facilities
g02/g02-065/g02-065-06-04.png,infarction
f02/f02-040/f02-040-09-01.png,psychology
k01/k01-051/k01-051-05-04.png,discreetly
c03/c03-084d/c03-084d-06-08.png,unfamiliar
a02/a02-072/a02-072-04-02.png,conference
g06/g06-026k/g06-026k-05-00.png,assumption
c03/c03-003c/c03-003c-04-03.png,background
n03/n03-064/n03-064-03-07.png,frightened
a03/a03-059/a03-059-02-03.png,liberalism
g06/g06-047i/g06-047i-03-01.png,increasing
a04/a04-047/a04-047-04-01.png,resentment
g06/g06-047i/g06-047i-03-06.png,unorthodox
n06/n06-100/n06-100-00-06.png,remembered
m03/m03-118/m03-118-04-01.png,promontory
c03/c03-081d/c03-081d-10-00.png,restrained
g06/g06-011f/g06-011f-06-05.png,favourable
c04/c04-144/c04-144-01-05.png,topicality
m06/m06-106/m06-106-01-02.png,negligible
m04/m04-081/m04-081-02-01.png,nonplussed
c02/c02-049/c02-049-01-07.png,preferring
f01/f01-135/f01-135-06-05.png,psychology
a03/a03-017/a03-017-04-06.png,neutrality
m01/m01-160/m01-160-06-00.png,relatively
a01/a01-000u/a01-000u-04-03.png,resolution
g06/g06-031o/g06-031o-09-04.png,Radicalism
e07/e07-098/e07-098-01-08.png,difference
c03/c03-007e/c03-007e-00-06.png,Richardson
a01/a01-053x/a01-053x-02-00.png,Government
n06/n06-082/n06-082-02-09.png,interested
m01/m01-012/m01-012-10-00.png,silhouette
c01/c01-014/c01-014-03-00.png,egocentric
a01/a01-132x/a01-132x-08-02.png,Assistance
d06/d06-000/d06-000-09-00.png,irrational
e04/e04-079/e04-079-05-06.png,horizontal
c03/c03-007c/c03-007c-01-04.png,industrial
a05/a05-025/a05-025-06-05.png,completely
a04/a04-099/a04-099-06-00.png,permission
g06/g06-045o/g06-045o-04-02.png,cultivated
m03/m03-062/m03-062-06-01.png,unexpected
c04/c04-023/c04-023-03-05.png,atmosphere
j06/j06-014/j06-014-00-02.png,migrations
g07/g07-028a/g07-028a-03-00.png,headstrong
d06/d06-000/d06-000-03-02.png,themselves
l04/l04-012/l04-012-04-00.png,Everything
b01/b01-122/b01-122-03-06.png,Archbishop
m01/m01-017/m01-017-03-03.png,occasional
b04/b04-202/b04-202-02-07.png,interested
f07/f07-081b/f07-081b-04-05.png,proportion
c03/c03-084a/c03-084a-00-03.png,production
h07/h07-023/h07-023-02-06.png,percentage
d01/d01-024/d01-024-06-04.png,impressive
m04/m04-038/m04-038-02-04.png,intimation
e04/e04-127/e04-127-04-02.png,assortment
e01/e01-107/e01-107-05-00.png,Directions
a04/a04-085/a04-085-00-00.png,Suggesting
a02/a02-106/a02-106-08-00.png,recognised
f04/f04-071/f04-071-03-02.png,sufficient
n01/n01-004/n01-004-02-02.png,confidence
k02/k02-117/k02-117-01-09.png,indirectly
n04/n04-044/n04-044-06-04.png,acceptable
e01/e01-102/e01-102-01-07.png,mercerised
l04/l04-082/l04-082-07-07.png,unwavering
f04/f04-024/f04-024-03-02.png,Wandsworth
a06/a06-036/a06-036-01-03.png,controlled
g06/g06-031n/g06-031n-01-05.png,Personally
g06/g06-031p/g06-031p-01-02.png,Personally
r06/r06-018/r06-018-01-05.png,furnishing
c03/c03-003b/c03-003b-04-00.png,background
j04/j04-094/j04-094-00-03.png,sufficient
g06/g06-045j/g06-045j-03-08.png,cultivated
k04/k04-057/k04-057-06-02.png,underskirt
b01/b01-079/b01-079-03-02.png,undertaken
h07/h07-071/h07-071-02-02.png,relatively
h07/h07-030/h07-030-04-02.png,commercial
c03/c03-021d/c03-021d-01-09.png,homosexual
g06/g06-093/g06-093-00-14.png,situations
a04/a04-081/a04-081-07-01.png,industrial
k07/k07-085/k07-085-02-09.png,unfaithful
p03/p03-096/p03-096-02-00.png,particular
d03/d03-117/d03-117-03-03.png,reservoirs
a01/a01-049/a01-049-01-02.png,opposition
g06/g06-026c/g06-026c-04-07.png,assumption
d03/d03-117/d03-117-08-00.png,reservoirs
e01/e01-018/e01-018-08-01.png,everything
g06/g06-031m/g06-031m-07-02.png,Radicalism
c03/c03-084d/c03-084d-05-00.png,television
g06/g06-047k/g06-047k-04-02.png,unorthodox
m01/m01-022/m01-022-03-08.png,incoherent
f04/f04-046/f04-046-01-04.png,considered
m04/m04-164/m04-164-04-04.png,Broughtons
c04/c04-000/c04-000-02-06.png,paraphrase
h04/h04-052/h04-052-03-05.png,vegetables
j04/j04-053/j04-053-02-04.png,repeatedly
e04/e04-034/e04-034-01-06.png,glasspaper
h07/h07-060b/h07-060b-05-05.png,misgivings
k02/k02-112/k02-112-04-01.png,proclaimed
a06/a06-124/a06-124-02-08.png,underlined
n02/n02-045/n02-045-00-08.png,constantly
b04/b04-047/b04-047-00-06.png,foreigners
g06/g06-042p/g06-042p-01-10.png,douloureux
f02/f02-044/f02-044-01-06.png,industrial
f01/f01-085/f01-085-00-05.png,tendencies
b06/b06-008/b06-008-08-03.png,militarily
a01/a01-026u/a01-026u-09-01.png,Federation
g06/g06-047i/g06-047i-00-01.png,remarkable
a01/a01-077u/a01-077u-03-02.png,Washington
a01/a01-053u/a01-053u-02-03.png,Government
g06/g06-026d/g06-026d-05-05.png,Wellington
g06/g06-031k/g06-031k-01-02.png,Personally
n02/n02-028/n02-028-05-03.png,thoroughly
f02/f02-036/f02-036-08-01.png,Activities
b01/b01-079/b01-079-05-00.png,ceremonial
r02/r02-038/r02-038-03-04.png,invitingly
h07/h07-003/h07-003-08-00.png,managerial
b05/b05-088/b05-088-00-03.png,invariably
m01/m01-136/m01-136-01-00.png,impatience
g06/g06-047g/g06-047g-03-00.png,increasing
g01/g01-004/g01-004-03-00.png,leadership
c03/c03-021b/c03-021b-00-06.png,befriended
k04/k04-054/k04-054-09-01.png,Diocletian
d07/d07-100/d07-100-07-00.png,invariably
f07/f07-096/f07-096-04-06.png,Whitstable
d01/d01-060/d01-060-00-04.png,difference
d06/d06-060/d06-060-07-06.png,especially
g02/g02-065/g02-065-00-02.png,disappears
a01/a01-132x/a01-132x-01-04.png,adjustment
c03/c03-000a/c03-000a-07-00.png,everywhere
g06/g06-045i/g06-045i-03-01.png,cultivated
f04/f04-032/f04-032-06-03.png,inspecting
g06/g06-047n/g06-047n-00-01.png,remarkable
n04/n04-068/n04-068-06-08.png,introduced
g04/g04-039/g04-039-00-07.png,Limpsfield
d01/d01-060/d01-060-06-01.png,difference
b06/b06-032/b06-032-01-01.png,leadership
a01/a01-102/a01-102-01-05.png,considered
c03/c03-021d/c03-021d-00-06.png,befriended
k07/k07-122/k07-122-03-01.png,glistening
l07/l07-138/l07-138-02-01.png,infinitely
g06/g06-047h/g06-047h-04-00.png,unorthodox
f01/f01-066/f01-066-09-02.png,associated
g04/g04-104/g04-104-01-09.png,activities
a04/a04-047/a04-047-06-00.png,supporters
g04/g04-032/g04-032-01-04.png,Enthusiasm
f04/f04-100/f04-100-02-05.png,discovered
g01/g01-027/g01-027-02-05.png,government
d06/d06-008/d06-008-01-01.png,themselves
g01/g01-004/g01-004-05-06.png,strategist
c03/c03-007b/c03-007b-05-03.png,churchyard
a03/a03-043/a03-043-02-00.png,popularity
c03/c03-000b/c03-000b-06-01.png,everywhere
g07/g07-074a/g07-074a-10-00.png,wickedness
a05/a05-039/a05-039-08-01.png,majorities
a01/a01-072u/a01-072u-05-02.png,Government
g06/g06-011k/g06-011k-08-06.png,favourable
a01/a01-058x/a01-058x-06-00.png,Government
e01/e01-107/e01-107-09-02.png,directions
h07/h07-025/h07-025-09-02.png,considered
b05/b05-074/b05-074-07-07.png,prosperity
r02/r02-006/r02-006-00-06.png,Cheesecake
h04/h04-052/h04-052-09-01.png,households
c03/c03-087d/c03-087d-01-01.png,treatments
j06/j06-034/j06-034-00-02.png,Mechanisms
c02/c02-030/c02-030-05-01.png,thoroughly
h01/h01-007/h01-007-00-01.png,innovation
g06/g06-037n/g06-037n-02-05.png,understand
f07/f07-046b/f07-046b-01-08.png,definitely
g06/g06-031m/g06-031m-01-02.png,Personally
a04/a04-081/a04-081-03-02.png,regrouping
g06/g06-047r/g06-047r-05-04.png,Neapolitan
f07/f07-019a/f07-019a-05-06.png,understand
g03/g03-040/g03-040-06-06.png,successful
b04/b04-000/b04-000-00-03.png,bewildered
n02/n02-033/n02-033-03-06.png,reasonable
h01/h01-027/h01-027-10-05.png,introduced
m02/m02-095/m02-095-03-03.png,everywhere
a04/a04-047/a04-047-06-02.png,unilateral
r03/r03-026/r03-026-06-01.png,discovered
g06/g06-031g/g06-031g-06-01.png,Radicalism
g06/g06-037k/g06-037k-08-02.png,themselves
h01/h01-018/h01-018-04-05.png,occupation
a06/a06-064/a06-064-02-06.png,assessment
k04/k04-054/k04-054-04-04.png,expression
f07/f07-019a/f07-019a-01-00.png,procession
d01/d01-052/d01-052-02-01.png,represents
m02/m02-095/m02-095-02-05.png,attracting
a01/a01-038x/a01-038x-02-06.png,Government
b01/b01-027/b01-027-06-02.png,pleasanter
c03/c03-084b/c03-084b-00-03.png,production
h02/h02-035/h02-035-03-05.png,containing
c03/c03-000f/c03-000f-06-00.png,advantages
e04/e04-011/e04-011-06-06.png,underneath
f01/f01-075/f01-075-02-02.png,elementary
l01/l01-000/l01-000-03-02.png,confidence
a01/a01-049u/a01-049u-02-00.png,television
n04/n04-213/n04-213-05-01.png,experience
f07/f07-032b/f07-032b-06-04.png,importance
a01/a01-014/a01-014-04-01.png,Government
m04/m04-200/m04-200-01-01.png,Advertiser
a05/a05-053/a05-053-02-04.png,hesitation
g06/g06-042e/g06-042e-02-00.png,douloureux
m06/m06-042/m06-042-04-00.png,stubbornly
b06/b06-056/b06-056-01-05.png,scratching
b04/b04-047/b04-047-04-06.png,protesting
j06/j06-056/j06-056-00-04.png,importance
f07/f07-028a/f07-028a-03-04.png,remarkable
g07/g07-042/g07-042-02-04.png,scandalous
f07/f07-000b/f07-000b-01-07.png,Englishman
l04/l04-043/l04-043-01-00.png,background
m03/m03-114/m03-114-03-00.png,thoughtful
c03/c03-021c/c03-021c-01-08.png,homosexual
g06/g06-026e/g06-026e-04-02.png,assumption
g06/g06-031c/g06-031c-06-09.png,Radicalism
d04/d04-121/d04-121-06-00.png,conducting
r02/r02-006/r02-006-07-00.png,appliances
g07/g07-010b/g07-010b-08-07.png,Englishmen
b04/b04-181/b04-181-00-07.png,understand
g04/g04-043/g04-043-05-00.png,chilliness
c01/c01-009/c01-009-00-01.png,production
g06/g06-047p/g06-047p-03-04.png,unorthodox
b04/b04-181/b04-181-04-01.png,supplanted
c03/c03-000e/c03-000e-03-05.png,Richardson
a05/a05-099/a05-099-04-02.png,limitation
p01/p01-155/p01-155-07-02.png,corruption
g07/g07-077a/g07-077a-07-07.png,suspicions
g06/g06-026k/g06-026k-06-00.png,Wellington
b04/b04-004/b04-004-06-05.png,themselves
k04/k04-085/k04-085-03-09.png,surrounded
e06/e06-021/e06-021-02-01.png,accidental
b04/b04-107/b04-107-05-03.png,everything
a06/a06-008/a06-008-05-00.png,Management
r06/r06-027/r06-027-02-10.png,copulating
g06/g06-047m/g06-047m-05-00.png,unorthodox
a04/a04-027/a04-027-02-07.png,Buckingham
b04/b04-066/b04-066-02-07.png,pessimists
b03/b03-092/b03-092-03-02.png,Fahrenheit
a03/a03-050/a03-050-03-05.png,missionary
p03/p03-151/p03-151-04-06.png,discussing
c06/c06-011/c06-011-00-05.png,journalist
g06/g06-045d/g06-045d-03-00.png,cultivated
f07/f07-039b/f07-039b-02-04.png,approaches
a05/a05-017/a05-017-05-03.png,discounted
g04/g04-003/g04-003-04-02.png,Dedication
g04/g04-095/g04-095-03-00.png,continuing
g07/g07-026b/g07-026b-03-03.png,implacable
h07/h07-071/h07-071-03-03.png,employment
l04/l04-093/l04-093-04-00.png,discovered
a02/a02-106/a02-106-05-06.png,conference
a02/a02-057/a02-057-04-06.png,connection
g07/g07-022b/g07-022b-00-04.png,favourably
a05/a05-080/a05-080-02-01.png,Parliament
f07/f07-042a/f07-042a-06-05.png,considered
g01/g01-083/g01-083-01-06.png,determined
h07/h07-000/h07-000-02-00.png,extensions
j04/j04-015/j04-015-08-02.png,completing
d06/d06-011/d06-011-05-00.png,impression
c03/c03-087b/c03-087b-01-00.png,treatments
b06/b06-087/b06-087-06-01.png,unilateral
a03/a03-037/a03-037-01-00.png,provincial
f07/f07-101a/f07-101a-02-00.png,LONGFELLOW
b06/b06-036/b06-036-00-10.png,maintained
p01/p01-147/p01-147-07-05.png,bewildered
d04/d04-121/d04-121-00-10.png,Philosophy
p03/p03-181/p03-181-09-02.png,bitterness
n03/n03-097/n03-097-03-03.png,speechless
h07/h07-030a/h07-030a-09-02.png,prosperity
a04/a04-035/a04-035-06-06.png,Khrushchov
e04/e04-103/e04-103-05-03.png,generously
f04/f04-093/f04-093-07-02.png,photograph
l04/l04-113/l04-113-02-14.png,collecting
a01/a01-049x/a01-049x-02-06.png,Washington
f04/f04-028/f04-028-01-05.png,photograph
a06/a06-014/a06-014-01-05.png,Chancellor
a01/a01-091/a01-091-10-00.png,supporters
g06/g06-047e/g06-047e-03-03.png,unorthodox
g06/g06-042g/g06-042g-01-08.png,douloureux
j01/j01-066/j01-066-05-01.png,inadequacy
f07/f07-101b/f07-101b-01-05.png,Longfellow
d05/d05-030/d05-030-00-05.png,Archbishop
a01/a01-117/a01-117-02-02.png,percentage
d05/d05-025/d05-025-06-01.png,deliberate
c03/c03-084a/c03-084a-06-03.png,unfamiliar
m02/m02-102/m02-102-06-01.png,university
h07/h07-040/h07-040-05-07.png,industrial
c03/c03-096e/c03-096e-01-00.png,explicably
g04/g04-007/g04-007-06-01.png,translated
g07/g07-050/g07-050-01-00.png,production
c03/c03-096f/c03-096f-01-00.png,explicably
g03/g03-016/g03-016-06-01.png,remarkable
c03/c03-003e/c03-003e-01-01.png,throughout
g01/g01-022/g01-022-00-04.png,DEDUCTIONS
h07/h07-000/h07-000-01-07.png,represents
j04/j04-024/j04-024-09-03.png,experiment
h02/h02-012/h02-012-09-00.png,sufficient
a01/a01-058u/a01-058u-05-05.png,Government
h04/h04-055/h04-055-01-00.png,quantities
a01/a01-020/a01-020-06-06.png,conference
a04/a04-039/a04-039-01-01.png,Khrushchov
c03/c03-000f/c03-000f-07-05.png,everywhere
f07/f07-039b/f07-039b-08-00.png,encounters
n04/n04-022/n04-022-05-00.png,mistresses
e01/e01-025/e01-025-08-00.png,ustrations
l01/l01-050/l01-050-03-04.png,frightened
g06/g06-047b/g06-047b-00-01.png,remarkable
a06/a06-036/a06-036-03-02.png,Applauding
k03/k03-152/k03-152-03-05.png,Commission
p03/p03-189/p03-189-01-05.png,rendezvous
h01/h01-027/h01-027-00-00.png,Previously
a02/a02-032/a02-032-05-00.png,Government
j06/j06-056/j06-056-10-02.png,suggestion
h04/h04-061/h04-061-02-03.png,additional
b06/b06-093/b06-093-00-02.png,strengthen
a01/a01-020x/a01-020x-06-05.png,conference
b06/b06-015/b06-015-10-05.png,facilities
g07/g07-000a/g07-000a-02-05.png,THROUGHOUT
e04/e04-132/e04-132-00-03.png,ultimately
g07/g07-044/g07-044-07-07.png,increasing
g06/g06-026m/g06-026m-06-04.png,Wellington
p06/p06-104/p06-104-01-00.png,miraculous
b06/b06-064/b06-064-05-05.png,understand
c06/c06-111/c06-111-03-09.png,Institutes
b05/b05-083/b05-083-06-00.png,themselves
g06/g06-045r/g06-045r-03-01.png,cultivated
a02/a02-037/a02-037-01-01.png,Convention
j04/j04-012/j04-012-04-02.png,calculated
g07/g07-065/g07-065-04-02.png,unbearable
b04/b04-054/b04-054-04-06.png,Preference
g07/g07-069a/g07-069a-08-03.png,precaution
l03/l03-004/l03-004-08-04.png,confidence
d01/d01-085/d01-085-04-05.png,invariable
j01/j01-045/j01-045-07-01.png,conditions
c03/c03-081d/c03-081d-02-06.png,altogether
g04/g04-017/g04-017-07-01.png,discovered
j06/j06-051/j06-051-01-06.png,especially
a04/a04-072/a04-072-08-01.png,jealousies
g07/g07-000b/g07-000b-08-04.png,interfered
f02/f02-040/f02-040-04-02.png,Retirement
a02/a02-086/a02-086-05-06.png,statements
p03/p03-181/p03-181-03-06.png,revelation
m01/m01-038/m01-038-04-03.png,longitudes
l04/l04-082/l04-082-02-02.png,competitor
a01/a01-068u/a01-068u-05-07.png,Government
a02/a02-042/a02-042-06-00.png,Government
g07/g07-010b/g07-010b-06-11.png,belongings
a03/a03-089/a03-089-00-03.png,eventually
r03/r03-030/r03-030-00-05.png,discovered
m04/m04-222/m04-222-03-11.png,signalling
r06/r06-097/r06-097-08-04.png,transpired
e01/e01-062/e01-062-01-02.png,traycloths
d06/d06-041/d06-041-00-07.png,impression
c03/c03-007e/c03-007e-01-05.png,industrial
e07/e07-076/e07-076-01-05.png,reasonably
c03/c03-003d/c03-003d-08-02.png,atmosphere
r03/r03-056/r03-056-02-00.png,cigarettes
h07/h07-003/h07-003-03-00.png,employment
h04/h04-078/h04-078-01-02.png,allowances
p03/p03-112/p03-112-01-00.png,surprising
h07/h07-040b/h07-040b-10-04.png,decorative
a06/a06-004/a06-004-04-02.png,Chancellor
k04/k04-079/k04-079-07-04.png,dilettanti
h02/h02-040/h02-040-03-05.png,authorised
f04/f04-039/f04-039-05-07.png,individual
f07/f07-042a/f07-042a-07-02.png,resistance
a01/a01-043x/a01-043x-03-04.png,opposition
f01/f01-135/f01-135-06-00.png,inevitably
g07/g07-042/g07-042-04-01.png,profligate
n01/n01-031/n01-031-01-03.png,comparison
f01/f01-053/f01-053-01-00.png,vocabulary
e07/e07-061/e07-061-10-03.png,peachtrees
h04/h04-035/h04-035-06-00.png,allowances
j04/j04-070/j04-070-04-00.png,separation
g02/g02-059/g02-059-01-02.png,dissection
b06/b06-075/b06-075-05-00.png,conference
c03/c03-003c/c03-003c-01-01.png,throughout
j06/j06-026/j06-026-01-03.png,occurrence
c03/c03-000c/c03-000c-05-02.png,advantages
k04/k04-106/k04-106-02-01.png,encampment
e01/e01-029/e01-029-05-06.png,satisfying
d04/d04-037/d04-037-02-00.png,diligently
l01/l01-023/l01-023-03-02.png,substitute
g06/g06-026m/g06-026m-05-05.png,government
f02/f02-000/f02-000-04-03.png,department
b06/b06-012/b06-012-01-05.png,domination
d06/d06-037/d06-037-07-03.png,themselves
c04/c04-028/c04-028-00-00.png,Stepmother
h04/h04-055/h04-055-03-00.png,quantities
g03/g03-058/g03-058-03-00.png,propaganda
g06/g06-031a/g06-031a-01-03.png,Personally
e01/e01-113/e01-113-04-01.png,forefinger
a06/a06-075/a06-075-02-00.png,conclusion
f01/f01-147/f01-147-02-07.png,inferences
b04/b04-175/b04-175-02-04.png,prosperous
a01/a01-053/a01-053-09-00.png,nomination
f04/f04-100/f04-100-08-01.png,struggling
b04/b04-000/b04-000-03-06.png,implicated
n02/n02-146/n02-146-06-04.png,surrounded
g01/g01-016/g01-016-05-03.png,substitute
g06/g06-026c/g06-026c-05-01.png,government
b06/b06-110/b06-110-04-06.png,considered
c03/c03-007d/c03-007d-06-04.png,churchyard
p03/p03-103/p03-103-02-06.png,attributes
l04/l04-124/l04-124-00-08.png,expression
g06/g06-031f/g06-031f-05-03.png,Radicalism
e06/e06-006/e06-006-00-04.png,congestion
d06/d06-086/d06-086-05-05.png,systematic
l04/l04-170/l04-170-06-01.png,complexion
d01/d01-056/d01-056-08-08.png,importance
p03/p03-027/p03-027-05-02.png,Farlingham
c03/c03-087a/c03-087a-08-00.png,characters
k02/k02-062/k02-062-06-03.png,appearance
n04/n04-060/n04-060-03-08.png,Submarines
b01/b01-127/b01-127-09-00.png,ruthlessly
k07/k07-176/k07-176-10-00.png,remembered
h02/h02-037/h02-037-06-04.png,individual
c06/c06-005/c06-005-07-03.png,occasional
b04/b04-128/b04-128-03-03.png,investment
b04/b04-202/b04-202-01-00.png,interested
g01/g01-027/g01-027-06-05.png,supplement
m01/m01-110/m01-110-04-00.png,prominence
f02/f02-017/f02-017-08-07.png,discussion
e01/e01-102/e01-102-04-06.png,bedspreads
a04/a04-072/a04-072-02-06.png,controlled
f07/f07-092b/f07-092b-02-07.png,interested
f02/f02-020/f02-020-00-02.png,conference
e07/e07-072/e07-072-09-03.png,comparable
k07/k07-176/k07-176-00-01.png,youngsters
f04/f04-100/f04-100-03-03.png,reasonably
h01/h01-024/h01-024-02-06.png,connection
b05/b05-038/b05-038-00-04.png,automation
a04/a04-096/a04-096-03-00.png,impossible
l03/l03-000/l03-000-03-00.png,scientific
e07/e07-108/e07-108-02-04.png,attractive
j04/j04-024/j04-024-08-01.png,milligrams
c06/c06-095/c06-095-03-01.png,brigadiers
e04/e04-052/e04-052-00-07.png,galvanised
n01/n01-000/n01-000-03-08.png,entrusting
b06/b06-015/b06-015-09-02.png,Government
n02/n02-040/n02-040-04-03.png,understand
a05/a05-044/a05-044-03-00.png,afterwards
h01/h01-030/h01-030-04-02.png,households
g06/g06-047a/g06-047a-00-01.png,remarkable
a01/a01-082u/a01-082u-00-01.png,surprising
g06/g06-031r/g06-031r-06-05.png,Radicalism
b05/b05-045/b05-045-03-02.png,completely
h07/h07-023/h07-023-01-03.png,proportion
f01/f01-070/f01-070-06-07.png,psychology
a04/a04-103/a04-103-06-01.png,preventing
d06/d06-046/d06-046-01-02.png,situations
